2025-04-14 19:33:02,977 - WARNING - No products found on page 1
2025-04-14 19:34:26,188 - INFO - Scraping page 1...
2025-04-14 19:34:26,189 - ERROR - Error scraping page 1: name 'urlencode' is not defined
2025-04-14 19:35:08,287 - INFO - Scraping page 1...
2025-04-14 19:35:24,478 - ERROR - Error scraping page 1: Message: 

2025-04-14 19:36:17,546 - INFO - Scraping page 1...
2025-04-14 19:36:33,171 - ERROR - Error scraping page 1: Message: 

2025-04-14 19:36:44,949 - INFO - Scraping page 1...
2025-04-14 19:36:58,706 - ERROR - Error scraping page 1: Message: 

2025-04-14 19:40:13,547 - INFO - Scraping page 1...
2025-04-14 19:40:35,790 - ERROR - Timeout waiting for elements on page 1
2025-04-14 19:40:35,886 - INFO - WebDriver closed.
2025-04-14 20:08:11,350 - INFO - Starting scrape for 'iphone' with max 2 pages
2025-04-14 20:08:11,354 - INFO - Using user agent: Mozilla/5.0 (Windows NT 10.0; Win64; x64) AppleWebKit/537.36 (KHTML, like Gecko) Chrome/125.0.0.0 Safari/537.36
2025-04-14 20:08:11,355 - INFO - ====== WebDriver manager ======
2025-04-14 20:08:11,664 - INFO - Get LATEST chromedriver version for google-chrome
2025-04-14 20:08:11,747 - INFO - Get LATEST chromedriver version for google-chrome
2025-04-14 20:08:11,803 - INFO - Driver [/Users/abhaykumar/.wdm/drivers/chromedriver/mac64/135.0.7049.84/chromedriver-mac-arm64/chromedriver] found in cache
2025-04-14 20:08:13,563 - INFO - Scraping page 1...
2025-04-14 20:08:13,563 - INFO - Accessing URL: https://dir.indiamart.com/search.mp?ss=iphone
2025-04-14 20:08:51,645 - ERROR - No product elements found with any selector
2025-04-14 20:08:52,249 - INFO - Scraping page 1...
2025-04-14 20:08:52,249 - INFO - Accessing URL: https://dir.indiamart.com/search.mp?ss=iphone
2025-04-14 20:09:29,083 - ERROR - No product elements found with any selector
2025-04-14 20:09:29,955 - INFO - Scraping page 1...
2025-04-14 20:09:29,955 - INFO - Accessing URL: https://dir.indiamart.com/search.mp?ss=iphone
2025-04-14 20:10:08,694 - ERROR - No product elements found with any selector
2025-04-14 20:10:09,531 - INFO - Scraping page 1...
2025-04-14 20:10:09,531 - INFO - Accessing URL: https://dir.indiamart.com/search.mp?ss=iphone
2025-04-14 20:10:47,303 - ERROR - No product elements found with any selector
2025-04-14 20:10:48,132 - INFO - Scraping page 1...
2025-04-14 20:10:48,132 - INFO - Accessing URL: https://dir.indiamart.com/search.mp?ss=iphone
2025-04-14 20:11:06,310 - ERROR - No product elements found with any selector
2025-04-14 20:11:06,315 - WARNING - Retrying (Retry(total=2, connect=None, read=None, redirect=None, status=None)) after connection broken by 'NewConnectionError('<urllib3.connection.HTTPConnection object at 0x1177eade0>: Failed to establish a new connection: [Errno 61] Connection refused')': /session/da6f7894cd5af6c0b9936929cb63d70f/screenshot
2025-04-14 20:11:06,317 - WARNING - Retrying (Retry(total=1, connect=None, read=None, redirect=None, status=None)) after connection broken by 'NewConnectionError('<urllib3.connection.HTTPConnection object at 0x1177ebf50>: Failed to establish a new connection: [Errno 61] Connection refused')': /session/da6f7894cd5af6c0b9936929cb63d70f/screenshot
2025-04-14 20:11:06,319 - WARNING - Retrying (Retry(total=0, connect=None, read=None, redirect=None, status=None)) after connection broken by 'NewConnectionError('<urllib3.connection.HTTPConnection object at 0x116e86bd0>: Failed to establish a new connection: [Errno 61] Connection refused')': /session/da6f7894cd5af6c0b9936929cb63d70f/screenshot
2025-04-14 20:11:06,323 - ERROR - Unexpected error on page 1: HTTPConnectionPool(host='localhost', port=61337): Max retries exceeded with url: /session/da6f7894cd5af6c0b9936929cb63d70f/screenshot (Caused by NewConnectionError('<urllib3.connection.HTTPConnection object at 0x102eb65a0>: Failed to establish a new connection: [Errno 61] Connection refused'))
2025-04-14 20:11:06,325 - WARNING - Retrying (Retry(total=2, connect=None, read=None, redirect=None, status=None)) after connection broken by 'NewConnectionError('<urllib3.connection.HTTPConnection object at 0x1176eed50>: Failed to establish a new connection: [Errno 61] Connection refused')': /session/da6f7894cd5af6c0b9936929cb63d70f/screenshot
2025-04-14 20:11:06,327 - WARNING - Retrying (Retry(total=1, connect=None, read=None, redirect=None, status=None)) after connection broken by 'NewConnectionError('<urllib3.connection.HTTPConnection object at 0x11697ac00>: Failed to establish a new connection: [Errno 61] Connection refused')': /session/da6f7894cd5af6c0b9936929cb63d70f/screenshot
2025-04-14 20:11:06,329 - WARNING - Retrying (Retry(total=0, connect=None, read=None, redirect=None, status=None)) after connection broken by 'NewConnectionError('<urllib3.connection.HTTPConnection object at 0x117685040>: Failed to establish a new connection: [Errno 61] Connection refused')': /session/da6f7894cd5af6c0b9936929cb63d70f/screenshot
2025-04-14 20:11:06,330 - ERROR - Fatal error in scraper: HTTPConnectionPool(host='localhost', port=61337): Max retries exceeded with url: /session/da6f7894cd5af6c0b9936929cb63d70f/screenshot (Caused by NewConnectionError('<urllib3.connection.HTTPConnection object at 0x102d64800>: Failed to establish a new connection: [Errno 61] Connection refused'))
2025-04-14 20:11:06,331 - WARNING - Retrying (Retry(total=2, connect=None, read=None, redirect=None, status=None)) after connection broken by 'NewConnectionError('<urllib3.connection.HTTPConnection object at 0x11780c110>: Failed to establish a new connection: [Errno 61] Connection refused')': /session/da6f7894cd5af6c0b9936929cb63d70f
2025-04-14 20:11:06,333 - WARNING - Retrying (Retry(total=1, connect=None, read=None, redirect=None, status=None)) after connection broken by 'NewConnectionError('<urllib3.connection.HTTPConnection object at 0x11780c440>: Failed to establish a new connection: [Errno 61] Connection refused')': /session/da6f7894cd5af6c0b9936929cb63d70f
2025-04-14 20:11:06,335 - WARNING - Retrying (Retry(total=0, connect=None, read=None, redirect=None, status=None)) after connection broken by 'NewConnectionError('<urllib3.connection.HTTPConnection object at 0x11780c560>: Failed to establish a new connection: [Errno 61] Connection refused')': /session/da6f7894cd5af6c0b9936929cb63d70f
2025-04-14 20:11:06,337 - INFO - WebDriver closed.
2025-04-14 20:11:13,390 - INFO - Starting scrape for 'iphone' with max 2 pages
2025-04-14 20:11:13,391 - INFO - Using user agent: Mozilla/5.0 (Windows NT 10.0; Win64; x64) AppleWebKit/537.36 (KHTML, like Gecko) Chrome/125.0.0.0 Safari/537.36
2025-04-14 20:11:13,391 - INFO - ====== WebDriver manager ======
2025-04-14 20:11:13,642 - INFO - Get LATEST chromedriver version for google-chrome
2025-04-14 20:11:13,711 - INFO - Get LATEST chromedriver version for google-chrome
2025-04-14 20:11:13,766 - INFO - Driver [/Users/abhaykumar/.wdm/drivers/chromedriver/mac64/135.0.7049.84/chromedriver-mac-arm64/chromedriver] found in cache
2025-04-14 20:11:15,631 - INFO - Scraping page 1...
2025-04-14 20:11:15,631 - INFO - Accessing URL: https://dir.indiamart.com/search.mp?ss=iphone
2025-04-14 20:11:24,710 - INFO - Trying selector: div.prd-card-simple
2025-04-14 20:11:35,002 - INFO - Trying selector: div.product-card
2025-04-14 20:11:45,246 - INFO - Trying selector: div.prd-block
2025-04-14 20:11:55,637 - INFO - Trying selector: div.prd-list
2025-04-14 20:12:05,943 - ERROR - No product elements found with any selector
2025-04-14 20:12:14,286 - INFO - Scraping page 1...
2025-04-14 20:12:14,287 - INFO - Accessing URL: https://dir.indiamart.com/search.mp?ss=iphone
2025-04-14 20:12:23,201 - INFO - Trying selector: div.prd-card-simple
2025-04-14 20:12:33,234 - INFO - Trying selector: div.product-card
2025-04-14 20:12:43,775 - INFO - Trying selector: div.prd-block
2025-04-14 20:12:54,144 - INFO - Trying selector: div.prd-list
2025-04-14 20:13:04,522 - ERROR - No product elements found with any selector
2025-04-14 20:13:33,796 - WARNING - Retrying (Retry(total=2, connect=None, read=None, redirect=None, status=None)) after connection broken by 'NewConnectionError('<urllib3.connection.HTTPConnection object at 0x125534ef0>: Failed to establish a new connection: [Errno 61] Connection refused')': /session/e95acb00f59ab14030d6acc23c834c89
2025-04-14 20:13:33,798 - WARNING - Retrying (Retry(total=1, connect=None, read=None, redirect=None, status=None)) after connection broken by 'NewConnectionError('<urllib3.connection.HTTPConnection object at 0x12570c260>: Failed to establish a new connection: [Errno 61] Connection refused')': /session/e95acb00f59ab14030d6acc23c834c89
2025-04-14 20:13:33,799 - WARNING - Retrying (Retry(total=0, connect=None, read=None, redirect=None, status=None)) after connection broken by 'NewConnectionError('<urllib3.connection.HTTPConnection object at 0x1257534a0>: Failed to establish a new connection: [Errno 61] Connection refused')': /session/e95acb00f59ab14030d6acc23c834c89
2025-04-14 20:13:33,801 - INFO - WebDriver closed.
2025-04-14 20:16:34,686 - INFO - Starting scrape for 'iphone' with max 1 pages
2025-04-14 20:16:34,688 - INFO - Using user agent: Mozilla/5.0 (Windows NT 10.0; Win64; x64) AppleWebKit/537.36 (KHTML, like Gecko) Chrome/125.0.0.0 Safari/537.36
2025-04-14 20:16:34,689 - INFO - ====== WebDriver manager ======
2025-04-14 20:16:34,982 - INFO - Get LATEST chromedriver version for google-chrome
2025-04-14 20:16:35,053 - INFO - Get LATEST chromedriver version for google-chrome
2025-04-14 20:16:35,113 - INFO - Driver [/Users/abhaykumar/.wdm/drivers/chromedriver/mac64/135.0.7049.84/chromedriver-mac-arm64/chromedriver] found in cache
2025-04-14 20:16:37,439 - INFO - Scraping page 1...
2025-04-14 20:16:37,440 - INFO - Accessing URL: https://dir.indiamart.com/search.mp?ss=iphone
2025-04-14 20:16:45,403 - INFO - Looking for products with selector: div.card.brs5
2025-04-14 20:16:45,423 - INFO - Found 10 products on page 1
2025-04-14 20:16:45,527 - INFO - Extracted product: Black Iphone 13 128 Gb
2025-04-14 20:16:45,604 - INFO - Extracted product: APPLE IPHONE 15 PRO
2025-04-14 20:16:45,675 - INFO - Extracted product: apple iphone 16e 512gb white
2025-04-14 20:16:45,750 - INFO - Extracted product: Blue 12 Mini Apple IPhone
2025-04-14 20:16:45,847 - INFO - Extracted product: White Apple IPhone 15 Plus
2025-04-14 20:16:45,918 - INFO - Extracted product: Silver Iphone X 64 Gb
2025-04-14 20:16:45,989 - INFO - Extracted product: Black Apple Iphone 11
2025-04-14 20:16:46,061 - INFO - Extracted product: Red Apple IPhone 13 256 GB Mobile
2025-04-14 20:16:46,132 - INFO - Extracted product: WHITE Iphone 15
2025-04-14 20:16:46,203 - INFO - Extracted product: Apple Midnight 128 Gb Iphone 14
2025-04-14 20:16:46,203 - INFO - Looking for next button with selector: a[rel="next"]
2025-04-14 20:16:46,211 - INFO - Looking for next button with selector: a.next-page
2025-04-14 20:16:46,218 - INFO - Looking for next button with selector: li.next a
2025-04-14 20:16:46,226 - INFO - Looking for next button with selector: a.pg-next
2025-04-14 20:16:46,233 - INFO - No next page found or reached max pages.
2025-04-14 20:16:57,201 - INFO - Scraping page 1...
2025-04-14 20:16:57,203 - INFO - Accessing URL: https://dir.indiamart.com/search.mp?ss=iphone
2025-04-14 20:17:03,565 - INFO - Looking for products with selector: div.card.brs5
2025-04-14 20:17:03,578 - INFO - Found 10 products on page 1
2025-04-14 20:17:03,676 - INFO - Extracted product: Black Iphone 13 128 Gb
2025-04-14 20:17:03,760 - INFO - Extracted product: APPLE IPHONE 15 PRO
2025-04-14 20:17:03,868 - INFO - Extracted product: apple iphone 16e 512gb white
2025-04-14 20:17:03,938 - INFO - Extracted product: Blue 12 Mini Apple IPhone
2025-04-14 20:17:04,010 - INFO - Extracted product: White Apple IPhone 15 Plus
2025-04-14 20:17:04,090 - INFO - Extracted product: Silver Iphone X 64 Gb
2025-04-14 20:17:04,171 - INFO - Extracted product: Black Apple Iphone 11
2025-04-14 20:17:04,253 - INFO - Extracted product: Red Apple IPhone 13 256 GB Mobile
2025-04-14 20:17:04,345 - INFO - Extracted product: WHITE Iphone 15
2025-04-14 20:17:04,430 - INFO - Extracted product: Apple Midnight 128 Gb Iphone 14
2025-04-14 20:17:04,430 - INFO - Looking for next button with selector: a[rel="next"]
2025-04-14 20:17:04,435 - INFO - Looking for next button with selector: a.next-page
2025-04-14 20:17:04,441 - INFO - Looking for next button with selector: li.next a
2025-04-14 20:17:04,447 - INFO - Looking for next button with selector: a.pg-next
2025-04-14 20:17:04,452 - INFO - No next page found or reached max pages.
2025-04-14 20:17:11,275 - WARNING - Retrying (Retry(total=2, connect=None, read=None, redirect=None, status=None)) after connection broken by 'NewConnectionError('<urllib3.connection.HTTPConnection object at 0x1058b7e00>: Failed to establish a new connection: [Errno 61] Connection refused')': /session/708e5175fef7b9e1081878292b77ee8d
2025-04-14 20:17:11,277 - WARNING - Retrying (Retry(total=1, connect=None, read=None, redirect=None, status=None)) after connection broken by 'NewConnectionError('<urllib3.connection.HTTPConnection object at 0x13fd63ef0>: Failed to establish a new connection: [Errno 61] Connection refused')': /session/708e5175fef7b9e1081878292b77ee8d
2025-04-14 20:17:11,278 - WARNING - Retrying (Retry(total=0, connect=None, read=None, redirect=None, status=None)) after connection broken by 'NewConnectionError('<urllib3.connection.HTTPConnection object at 0x13fda4290>: Failed to establish a new connection: [Errno 61] Connection refused')': /session/708e5175fef7b9e1081878292b77ee8d
2025-04-14 20:17:11,279 - INFO - WebDriver closed.
2025-04-14 20:18:40,577 - INFO - Starting scrape for 'iphone' with max 1 pages
2025-04-14 20:18:40,579 - INFO - Using user agent: Mozilla/5.0 (X11; Linux x86_64) AppleWebKit/537.36 (KHTML, like Gecko) Chrome/124.0.0.0 Safari/537.36
2025-04-14 20:18:40,579 - INFO - ====== WebDriver manager ======
2025-04-14 20:18:40,871 - INFO - Get LATEST chromedriver version for google-chrome
2025-04-14 20:18:40,948 - INFO - Get LATEST chromedriver version for google-chrome
2025-04-14 20:18:41,004 - INFO - Driver [/Users/abhaykumar/.wdm/drivers/chromedriver/mac64/135.0.7049.84/chromedriver-mac-arm64/chromedriver] found in cache
2025-04-14 20:18:43,258 - INFO - Scraping page 1...
2025-04-14 20:18:43,258 - INFO - Accessing URL: https://dir.indiamart.com/search.mp?ss=iphone
2025-04-14 20:18:55,313 - INFO - Looking for products with selector: div.card.brs5
2025-04-14 20:18:55,338 - INFO - Found 20 products on page 1
2025-04-14 20:18:55,468 - INFO - Extracted product: Black Iphone 13 128 Gb
2025-04-14 20:18:55,539 - INFO - Extracted product: APPLE IPHONE 15 PRO
2025-04-14 20:18:55,615 - INFO - Extracted product: apple iphone 16e 512gb white
2025-04-14 20:18:55,688 - INFO - Extracted product: Blue 12 Mini Apple IPhone
2025-04-14 20:18:55,760 - INFO - Extracted product: White Apple IPhone 15 Plus
2025-04-14 20:18:55,830 - INFO - Extracted product: Silver Iphone X 64 Gb
2025-04-14 20:18:55,900 - INFO - Extracted product: Black Apple Iphone 11
2025-04-14 20:18:55,973 - INFO - Extracted product: Red Apple IPhone 13 256 GB Mobile
2025-04-14 20:18:56,044 - INFO - Extracted product: WHITE Iphone 15
2025-04-14 20:18:56,116 - INFO - Extracted product: Apple Midnight 128 Gb Iphone 14
2025-04-14 20:18:56,186 - INFO - Extracted product: Black Apple iphone 16 Plus 128GB
2025-04-14 20:18:56,285 - INFO - Extracted product: Apple Iphone 13 Pro (128Gb) - Sierra Blue
2025-04-14 20:18:56,356 - INFO - Extracted product: White, Silver IPhone 7 Plus, 6s Plus
2025-04-14 20:18:56,426 - INFO - Extracted product: IPhone 16promax Copy
2025-04-14 20:18:56,495 - INFO - Extracted product: Replacement Part For Rear(back) Glass Panel Compatible With (iphone 14 Pro) 7 Day Replacement Warranty - Silver
2025-04-14 20:18:56,567 - INFO - Extracted product: Iphone data cable
2025-04-14 20:18:56,639 - INFO - Extracted product: Multicolor iphone 15 pro max
2025-04-14 20:18:56,665 - WARNING - Could not extract price
2025-04-14 20:18:56,716 - INFO - Extracted product: Iphone 5s 32gb
2025-04-14 20:18:56,786 - INFO - Extracted product: Iphone 7 wholesale rate
2025-04-14 20:18:56,858 - INFO - Extracted product: Silver Iphone 15pro 128GB
2025-04-14 20:18:56,858 - INFO - Looking for next button with selector: a[rel="next"]
2025-04-14 20:18:56,866 - INFO - Looking for next button with selector: a.next-page
2025-04-14 20:18:56,873 - INFO - Looking for next button with selector: li.next a
2025-04-14 20:18:56,881 - INFO - Looking for next button with selector: a.pg-next
2025-04-14 20:18:56,888 - INFO - No next page found or reached max pages.
2025-04-14 20:23:37,153 - WARNING - Retrying (Retry(total=2, connect=None, read=None, redirect=None, status=None)) after connection broken by 'NewConnectionError('<urllib3.connection.HTTPConnection object at 0x121d59010>: Failed to establish a new connection: [Errno 61] Connection refused')': /session/38cc64c3aa47cb8ce38c248c93b391b1
2025-04-14 20:23:37,156 - WARNING - Retrying (Retry(total=1, connect=None, read=None, redirect=None, status=None)) after connection broken by 'NewConnectionError('<urllib3.connection.HTTPConnection object at 0x121ea4080>: Failed to establish a new connection: [Errno 61] Connection refused')': /session/38cc64c3aa47cb8ce38c248c93b391b1
2025-04-14 20:23:37,157 - WARNING - Retrying (Retry(total=0, connect=None, read=None, redirect=None, status=None)) after connection broken by 'NewConnectionError('<urllib3.connection.HTTPConnection object at 0x121ea47a0>: Failed to establish a new connection: [Errno 61] Connection refused')': /session/38cc64c3aa47cb8ce38c248c93b391b1
2025-04-14 20:23:37,160 - INFO - WebDriver closed.
2025-04-14 20:23:50,436 - INFO - Starting scrape for 'shampoo' with max 2 pages
2025-04-14 20:23:50,437 - INFO - Using user agent: Mozilla/5.0 (Macintosh; Intel Mac OS X 10_15_7) AppleWebKit/605.1.15 (KHTML, like Gecko) Version/17.0 Safari/605.1.15
2025-04-14 20:23:50,438 - INFO - ====== WebDriver manager ======
2025-04-14 20:23:50,736 - INFO - Get LATEST chromedriver version for google-chrome
2025-04-14 20:23:50,812 - INFO - Get LATEST chromedriver version for google-chrome
2025-04-14 20:23:50,880 - INFO - Driver [/Users/abhaykumar/.wdm/drivers/chromedriver/mac64/135.0.7049.84/chromedriver-mac-arm64/chromedriver] found in cache
2025-04-14 20:23:53,000 - INFO - Scraping page 1...
2025-04-14 20:23:53,001 - INFO - Accessing URL: https://dir.indiamart.com/search.mp?ss=shampoo
2025-04-14 20:24:03,186 - INFO - Looking for products with selector: div.card.brs5
2025-04-14 20:24:03,202 - INFO - Found 20 products on page 1
2025-04-14 20:24:03,308 - INFO - Extracted product: Your Brand Onion Black Seed Shampoo
2025-04-14 20:24:03,378 - INFO - Extracted product: 230ml Aloe Vera Hair Shampoo, Hair Concern: Repair & Rescue
2025-04-14 20:24:03,447 - INFO - Extracted product: V MAT HAIR BOOSTER SHAMPOO, VIJAYA INFRAPROJECT PVT LTD
2025-04-14 20:24:03,516 - INFO - Extracted product: Cosmos Crown Keratin Smooth Shampoo, Packaging Size: 300ml
2025-04-14 20:24:03,753 - INFO - Extracted product: 100ml Purified Shampoo, Repair & Rescue
2025-04-14 20:24:03,830 - INFO - Extracted product: Ayurvedic Hair Shampoo, 200ml
2025-04-14 20:24:03,905 - INFO - Extracted product: Vitashine Anti Hair Loss Shampoo With Conditioner, Packaging Size: 200ml
2025-04-14 20:24:03,977 - INFO - Extracted product: 3rd Party Herbal Hair Shampoo
2025-04-14 20:24:04,059 - INFO - Extracted product: Hibiscus Shampoo
2025-04-14 20:24:04,129 - INFO - Extracted product: Herbal Anti Dandruff Shampoo, Packaging Size: 100ml
2025-04-14 20:24:04,200 - INFO - Extracted product: Senhora Clarifying Shampoo, Packaging Size: 50 mL
2025-04-14 20:24:04,274 - INFO - Extracted product: Sulphate Free Shampoo Base
2025-04-14 20:24:04,351 - INFO - Extracted product: Enstylz Extra Nourishing Shampoo, Hair Concern: Hair Fall
2025-04-14 20:24:04,377 - WARNING - Could not extract price
2025-04-14 20:24:04,427 - INFO - Extracted product: Transparent Shampoo Base, 50kg
2025-04-14 20:24:04,532 - INFO - Extracted product: Hair Fall Control Shampoo, Packaging Size: 200ml
2025-04-14 20:24:04,603 - INFO - Extracted product: 300ml Chic Beauty Rice Water Shampoo
2025-04-14 20:24:04,673 - INFO - Extracted product: dermasyllabus Kera Repair Shampoo
2025-04-14 20:24:04,743 - INFO - Extracted product: Cona Ketoconazole Shampoo, Packaging Size: 100 Ml, Packaging Type: Plastic Bottle
2025-04-14 20:24:04,838 - INFO - Extracted product: Bello Aloe Vera Shampoo
2025-04-14 20:24:04,913 - INFO - Extracted product: Hair Shampoo Concentrate 5X
2025-04-14 20:24:04,913 - INFO - Looking for next button with selector: a[rel="next"]
2025-04-14 20:24:04,920 - INFO - Looking for next button with selector: a.next-page
2025-04-14 20:24:04,927 - INFO - Looking for next button with selector: li.next a
2025-04-14 20:24:04,935 - INFO - Looking for next button with selector: a.pg-next
2025-04-14 20:24:04,942 - INFO - No next page found or reached max pages.
2025-04-14 20:25:51,585 - WARNING - Retrying (Retry(total=2, connect=None, read=None, redirect=None, status=None)) after connection broken by 'NewConnectionError('<urllib3.connection.HTTPConnection object at 0x12cf9b7a0>: Failed to establish a new connection: [Errno 61] Connection refused')': /session/aac3ffd529a1720efbd0f64c700963c4
2025-04-14 20:25:51,588 - WARNING - Retrying (Retry(total=1, connect=None, read=None, redirect=None, status=None)) after connection broken by 'NewConnectionError('<urllib3.connection.HTTPConnection object at 0x12d3a4590>: Failed to establish a new connection: [Errno 61] Connection refused')': /session/aac3ffd529a1720efbd0f64c700963c4
2025-04-14 20:25:51,589 - WARNING - Retrying (Retry(total=0, connect=None, read=None, redirect=None, status=None)) after connection broken by 'NewConnectionError('<urllib3.connection.HTTPConnection object at 0x12d3a4080>: Failed to establish a new connection: [Errno 61] Connection refused')': /session/aac3ffd529a1720efbd0f64c700963c4
2025-04-14 20:25:51,590 - INFO - WebDriver closed.
2025-04-14 20:25:59,651 - INFO - Starting scrape for 'iphone' with max 1 pages
2025-04-14 20:25:59,652 - INFO - Using user agent: Mozilla/5.0 (Windows NT 10.0; Win64; x64; rv:109.0) Gecko/20100101 Firefox/124.0
2025-04-14 20:25:59,652 - INFO - ====== WebDriver manager ======
2025-04-14 20:25:59,880 - INFO - Get LATEST chromedriver version for google-chrome
2025-04-14 20:25:59,956 - INFO - Get LATEST chromedriver version for google-chrome
2025-04-14 20:25:59,997 - INFO - Driver [/Users/abhaykumar/.wdm/drivers/chromedriver/mac64/135.0.7049.84/chromedriver-mac-arm64/chromedriver] found in cache
2025-04-14 20:26:01,827 - INFO - Scraping page 1...
2025-04-14 20:26:01,827 - INFO - Accessing URL: https://dir.indiamart.com/search.mp?ss=iphone
2025-04-14 20:26:11,350 - INFO - Looking for products with selector: div.card.brs5
2025-04-14 20:26:11,362 - INFO - Found 10 products on page 1
2025-04-14 20:26:11,474 - INFO - Extracted product: Black Iphone 13 128 Gb
2025-04-14 20:26:11,580 - INFO - Extracted product: APPLE IPHONE 15 PRO
2025-04-14 20:26:11,664 - INFO - Extracted product: apple iphone 16e 512gb white
2025-04-14 20:26:11,739 - INFO - Extracted product: Blue 12 Mini Apple IPhone
2025-04-14 20:26:11,814 - INFO - Extracted product: White Apple IPhone 15 Plus
2025-04-14 20:26:11,890 - INFO - Extracted product: Silver Iphone X 64 Gb
2025-04-14 20:26:11,965 - INFO - Extracted product: Black Apple Iphone 11
2025-04-14 20:26:12,042 - INFO - Extracted product: Red Apple IPhone 13 256 GB Mobile
2025-04-14 20:26:12,116 - INFO - Extracted product: WHITE Iphone 15
2025-04-14 20:26:12,189 - INFO - Extracted product: Apple Midnight 128 Gb Iphone 14
2025-04-14 20:26:12,193 - INFO - Looking for next button with selector: a[rel="next"]
2025-04-14 20:26:12,200 - INFO - Looking for next button with selector: a.next-page
2025-04-14 20:26:12,208 - INFO - Looking for next button with selector: li.next a
2025-04-14 20:26:12,215 - INFO - Looking for next button with selector: a.pg-next
2025-04-14 20:26:12,223 - INFO - No next page found or reached max pages.
2025-04-14 20:26:27,390 - INFO - Scraping page 1...
2025-04-14 20:26:27,392 - INFO - Accessing URL: https://dir.indiamart.com/search.mp?ss=iphone
2025-04-14 20:26:37,268 - INFO - Looking for products with selector: div.card.brs5
2025-04-14 20:26:37,282 - INFO - Found 20 products on page 1
2025-04-14 20:26:37,364 - INFO - Extracted product: Black Iphone 13 128 Gb
2025-04-14 20:26:37,435 - INFO - Extracted product: APPLE IPHONE 15 PRO
2025-04-14 20:26:37,538 - INFO - Extracted product: apple iphone 16e 512gb white
2025-04-14 20:26:37,612 - INFO - Extracted product: Blue 12 Mini Apple IPhone
2025-04-14 20:26:37,683 - INFO - Extracted product: White Apple IPhone 15 Plus
2025-04-14 20:26:37,754 - INFO - Extracted product: Silver Iphone X 64 Gb
2025-04-14 20:26:37,828 - INFO - Extracted product: Black Apple Iphone 11
2025-04-14 20:26:37,899 - INFO - Extracted product: Red Apple IPhone 13 256 GB Mobile
2025-04-14 20:26:37,969 - INFO - Extracted product: WHITE Iphone 15
2025-04-14 20:26:38,044 - INFO - Extracted product: Apple Midnight 128 Gb Iphone 14
2025-04-14 20:26:38,118 - INFO - Extracted product: Black Apple iphone 16 Plus 128GB
2025-04-14 20:26:38,192 - INFO - Extracted product: Apple Iphone 13 Pro (128Gb) - Sierra Blue
2025-04-14 20:26:38,298 - INFO - Extracted product: White, Silver IPhone 7 Plus, 6s Plus
2025-04-14 20:26:38,369 - INFO - Extracted product: IPhone 16promax Copy
2025-04-14 20:26:38,445 - INFO - Extracted product: Replacement Part For Rear(back) Glass Panel Compatible With (iphone 14 Pro) 7 Day Replacement Warranty - Silver
2025-04-14 20:26:38,517 - INFO - Extracted product: Iphone data cable
2025-04-14 20:26:38,589 - INFO - Extracted product: Multicolor iphone 15 pro max
2025-04-14 20:26:38,616 - WARNING - Could not extract price
2025-04-14 20:26:38,665 - INFO - Extracted product: Iphone 5s 32gb
2025-04-14 20:26:38,736 - INFO - Extracted product: Iphone 7 wholesale rate
2025-04-14 20:26:38,807 - INFO - Extracted product: Silver Iphone 15pro 128GB
2025-04-14 20:26:38,808 - INFO - Looking for next button with selector: a[rel="next"]
2025-04-14 20:26:38,815 - INFO - Looking for next button with selector: a.next-page
2025-04-14 20:26:38,823 - INFO - Looking for next button with selector: li.next a
2025-04-14 20:26:38,830 - INFO - Looking for next button with selector: a.pg-next
2025-04-14 20:26:38,838 - INFO - No next page found or reached max pages.
2025-04-14 20:26:52,853 - INFO - Scraping page 1...
2025-04-14 20:26:52,855 - INFO - Accessing URL: https://dir.indiamart.com/search.mp?ss=iphone
2025-04-14 20:26:58,528 - INFO - Looking for products with selector: div.card.brs5
2025-04-14 20:26:58,543 - INFO - Found 10 products on page 1
2025-04-14 20:26:58,629 - INFO - Extracted product: Black Iphone 13 128 Gb
2025-04-14 20:26:58,702 - INFO - Extracted product: APPLE IPHONE 15 PRO
2025-04-14 20:26:58,824 - INFO - Extracted product: apple iphone 16e 512gb white
2025-04-14 20:26:58,898 - INFO - Extracted product: Blue 12 Mini Apple IPhone
2025-04-14 20:26:58,969 - INFO - Extracted product: White Apple IPhone 15 Plus
2025-04-14 20:26:59,051 - INFO - Extracted product: Silver Iphone X 64 Gb
2025-04-14 20:26:59,132 - INFO - Extracted product: Black Apple Iphone 11
2025-04-14 20:26:59,208 - INFO - Extracted product: Red Apple IPhone 13 256 GB Mobile
2025-04-14 20:26:59,283 - INFO - Extracted product: WHITE Iphone 15
2025-04-14 20:26:59,357 - INFO - Extracted product: Apple Midnight 128 Gb Iphone 14
2025-04-14 20:26:59,357 - INFO - Looking for next button with selector: a[rel="next"]
2025-04-14 20:26:59,364 - INFO - Looking for next button with selector: a.next-page
2025-04-14 20:26:59,372 - INFO - Looking for next button with selector: li.next a
2025-04-14 20:26:59,379 - INFO - Looking for next button with selector: a.pg-next
2025-04-14 20:26:59,387 - INFO - No next page found or reached max pages.
2025-04-14 20:31:25,070 - WARNING - Retrying (Retry(total=2, connect=None, read=None, redirect=None, status=None)) after connection broken by 'NewConnectionError('<urllib3.connection.HTTPConnection object at 0x117bffef0>: Failed to establish a new connection: [Errno 61] Connection refused')': /session/281a76b913e9eb79ace1162fe0b88b1f
2025-04-14 20:31:25,072 - WARNING - Retrying (Retry(total=1, connect=None, read=None, redirect=None, status=None)) after connection broken by 'NewConnectionError('<urllib3.connection.HTTPConnection object at 0x1303a4c80>: Failed to establish a new connection: [Errno 61] Connection refused')': /session/281a76b913e9eb79ace1162fe0b88b1f
2025-04-14 20:31:25,073 - WARNING - Retrying (Retry(total=0, connect=None, read=None, redirect=None, status=None)) after connection broken by 'NewConnectionError('<urllib3.connection.HTTPConnection object at 0x1303a5010>: Failed to establish a new connection: [Errno 61] Connection refused')': /session/281a76b913e9eb79ace1162fe0b88b1f
2025-04-14 20:31:25,074 - INFO - WebDriver closed.
2025-04-14 20:31:30,279 - INFO - Starting scrape for 'iphone' with max 1 pages
2025-04-14 20:31:30,280 - INFO - Using user agent: Mozilla/5.0 (X11; Linux x86_64) AppleWebKit/537.36 (KHTML, like Gecko) Chrome/124.0.0.0 Safari/537.36
2025-04-14 20:31:30,280 - INFO - ====== WebDriver manager ======
2025-04-14 20:31:30,516 - INFO - Get LATEST chromedriver version for google-chrome
2025-04-14 20:31:30,590 - INFO - Get LATEST chromedriver version for google-chrome
2025-04-14 20:31:30,640 - INFO - Driver [/Users/abhaykumar/.wdm/drivers/chromedriver/mac64/135.0.7049.84/chromedriver-mac-arm64/chromedriver] found in cache
2025-04-14 20:31:32,313 - INFO - Scraping page 1...
2025-04-14 20:31:32,313 - INFO - Accessing URL: https://dir.indiamart.com/search.mp?ss=iphone
2025-04-14 20:31:44,874 - INFO - Looking for products with selector: div.card.brs5
2025-04-14 20:31:44,893 - INFO - Found 20 products on page 1
2025-04-14 20:31:45,002 - INFO - Extracted product: Black Iphone 13 128 Gb with price: 34,000
2025-04-14 20:31:45,078 - INFO - Extracted product: APPLE IPHONE 15 PRO with price: 1,09,999
2025-04-14 20:31:45,168 - INFO - Extracted product: apple iphone 16e 512gb white with price: 79,900
2025-04-14 20:31:45,252 - INFO - Extracted product: Blue 12 Mini Apple IPhone with price: 17,999
2025-04-14 20:31:45,328 - INFO - Extracted product: White Apple IPhone 15 Plus with price: 89,900
2025-04-14 20:31:45,403 - INFO - Extracted product: Silver Iphone X 64 Gb with price: 23,500
2025-04-14 20:31:45,482 - INFO - Extracted product: Black Apple Iphone 11 with price: 18,000
2025-04-14 20:31:45,558 - INFO - Extracted product: Red Apple IPhone 13 256 GB Mobile with price: 42,999
2025-04-14 20:31:45,634 - INFO - Extracted product: WHITE Iphone 15 with price: 49,500
2025-04-14 20:31:45,710 - INFO - Extracted product: Apple Midnight 128 Gb Iphone 14 with price: 56,900
2025-04-14 20:31:45,786 - INFO - Extracted product: Black Apple iphone 16 Plus 128GB with price: 78,000
2025-04-14 20:31:45,863 - INFO - Extracted product: Apple Iphone 13 Pro (128Gb) - Sierra Blue with price: 95,000
2025-04-14 20:31:45,953 - INFO - Extracted product: White, Silver IPhone 7 Plus, 6s Plus with price: 80,000
2025-04-14 20:31:46,032 - INFO - Extracted product: IPhone 16promax Copy with price: 13,000
2025-04-14 20:31:46,108 - INFO - Extracted product: Replacement Part For Rear(back) Glass Panel Compatible With (iphone 14 Pro) 7 Day Replacement Warranty - Silver with price: 3,999
2025-04-14 20:31:46,186 - INFO - Extracted product: Iphone data cable with price: 15
2025-04-14 20:31:46,260 - INFO - Extracted product: Multicolor iphone 15 pro max with price: 1,59,900
2025-04-14 20:31:46,290 - WARNING - Could not extract price
2025-04-14 20:31:46,338 - INFO - Extracted product: Iphone 5s 32gb with price: None
2025-04-14 20:31:46,415 - INFO - Extracted product: Iphone 7 wholesale rate with price: 5,999
2025-04-14 20:31:46,489 - INFO - Extracted product: Silver Iphone 15pro 128GB with price: 78,000
2025-04-14 20:31:46,489 - INFO - Looking for next button with selector: a[rel="next"]
2025-04-14 20:31:46,497 - INFO - Looking for next button with selector: a.next-page
2025-04-14 20:31:46,504 - INFO - Looking for next button with selector: li.next a
2025-04-14 20:31:46,512 - INFO - Looking for next button with selector: a.pg-next
2025-04-14 20:31:46,519 - INFO - No next page found or reached max pages.
2025-04-14 20:37:47,277 - WARNING - Retrying (Retry(total=2, connect=None, read=None, redirect=None, status=None)) after connection broken by 'NewConnectionError('<urllib3.connection.HTTPConnection object at 0x117fcb260>: Failed to establish a new connection: [Errno 61] Connection refused')': /session/7c5262c140ca696791d3528910c3f8f7
2025-04-14 20:37:47,279 - WARNING - Retrying (Retry(total=1, connect=None, read=None, redirect=None, status=None)) after connection broken by 'NewConnectionError('<urllib3.connection.HTTPConnection object at 0x11da608c0>: Failed to establish a new connection: [Errno 61] Connection refused')': /session/7c5262c140ca696791d3528910c3f8f7
2025-04-14 20:37:47,280 - WARNING - Retrying (Retry(total=0, connect=None, read=None, redirect=None, status=None)) after connection broken by 'NewConnectionError('<urllib3.connection.HTTPConnection object at 0x11da60110>: Failed to establish a new connection: [Errno 61] Connection refused')': /session/7c5262c140ca696791d3528910c3f8f7
2025-04-14 20:37:47,281 - INFO - WebDriver closed.
2025-04-14 20:37:52,609 - INFO - Starting scrape for 'iphone' with max 1 pages
2025-04-14 20:37:52,611 - INFO - Using user agent: Mozilla/5.0 (Windows NT 10.0; Win64; x64) AppleWebKit/537.36 (KHTML, like Gecko) Chrome/125.0.0.0 Safari/537.36
2025-04-14 20:37:52,611 - INFO - ====== WebDriver manager ======
2025-04-14 20:37:52,843 - INFO - Get LATEST chromedriver version for google-chrome
2025-04-14 20:37:52,921 - INFO - Get LATEST chromedriver version for google-chrome
2025-04-14 20:37:52,970 - INFO - Driver [/Users/abhaykumar/.wdm/drivers/chromedriver/mac64/135.0.7049.84/chromedriver-mac-arm64/chromedriver] found in cache
2025-04-14 20:37:54,718 - INFO - Scraping page 1...
2025-04-14 20:37:54,718 - INFO - Accessing URL: https://dir.indiamart.com/search.mp?ss=iphone
2025-04-14 20:38:04,957 - INFO - Looking for products with selector: div.card.brs5
2025-04-14 20:38:04,968 - INFO - Found 20 products on page 1
2025-04-14 20:38:05,137 - INFO - Extracted product: Black Iphone 13 128 Gb with price: 34,000
2025-04-14 20:38:05,308 - INFO - Extracted product: APPLE IPHONE 15 PRO with price: 1,09,999
2025-04-14 20:38:05,440 - INFO - Extracted product: apple iphone 16e 512gb white with price: 79,900
2025-04-14 20:38:05,542 - INFO - Extracted product: Blue 12 Mini Apple IPhone with price: 17,999
2025-04-14 20:38:05,637 - INFO - Extracted product: White Apple IPhone 15 Plus with price: 89,900
2025-04-14 20:38:05,746 - INFO - Extracted product: Silver Iphone X 64 Gb with price: 23,500
2025-04-14 20:38:05,879 - INFO - Extracted product: Black Apple Iphone 11 with price: 18,000
2025-04-14 20:38:06,024 - INFO - Extracted product: Red Apple IPhone 13 256 GB Mobile with price: 42,999
2025-04-14 20:38:06,132 - INFO - Extracted product: WHITE Iphone 15 with price: 49,500
2025-04-14 20:38:06,219 - INFO - Extracted product: Apple Midnight 128 Gb Iphone 14 with price: 56,900
2025-04-14 20:38:06,308 - INFO - Extracted product: Black Apple iphone 16 Plus 128GB with price: 78,000
2025-04-14 20:38:06,390 - INFO - Extracted product: Apple Iphone 13 Pro (128Gb) - Sierra Blue with price: 95,000
2025-04-14 20:38:06,464 - INFO - Extracted product: White, Silver IPhone 7 Plus, 6s Plus with price: 80,000
2025-04-14 20:38:06,539 - INFO - Extracted product: IPhone 16promax Copy with price: 13,000
2025-04-14 20:38:06,626 - INFO - Extracted product: Replacement Part For Rear(back) Glass Panel Compatible With (iphone 14 Pro) 7 Day Replacement Warranty - Silver with price: 3,999
2025-04-14 20:38:06,706 - INFO - Extracted product: Iphone data cable with price: 15
2025-04-14 20:38:06,783 - INFO - Extracted product: Multicolor iphone 15 pro max with price: 1,59,900
2025-04-14 20:38:06,813 - WARNING - Could not extract price
2025-04-14 20:38:06,861 - INFO - Extracted product: Iphone 5s 32gb with price: None
2025-04-14 20:38:06,936 - INFO - Extracted product: Iphone 7 wholesale rate with price: 5,999
2025-04-14 20:38:07,011 - INFO - Extracted product: Silver Iphone 15pro 128GB with price: 78,000
2025-04-14 20:38:07,011 - INFO - Looking for next button with selector: a[rel="next"]
2025-04-14 20:38:07,019 - INFO - Looking for next button with selector: a.next-page
2025-04-14 20:38:07,026 - INFO - Looking for next button with selector: li.next a
2025-04-14 20:38:07,033 - INFO - Looking for next button with selector: a.pg-next
2025-04-14 20:38:07,040 - INFO - No next page found or reached max pages.
2025-04-14 20:38:07,152 - INFO - Browser closed. Scraping complete.
2025-04-14 20:38:07,153 - INFO - Scraping page 1...
2025-04-14 20:38:07,153 - INFO - Accessing URL: https://dir.indiamart.com/search.mp?ss=iphone
2025-04-14 20:38:07,156 - WARNING - Retrying (Retry(total=2, connect=None, read=None, redirect=None, status=None)) after connection broken by 'NewConnectionError('<urllib3.connection.HTTPConnection object at 0x12f874140>: Failed to establish a new connection: [Errno 61] Connection refused')': /session/7c73ae5fa24b7eac7985c15b234aa1a4/url
2025-04-14 20:38:07,157 - WARNING - Retrying (Retry(total=1, connect=None, read=None, redirect=None, status=None)) after connection broken by 'NewConnectionError('<urllib3.connection.HTTPConnection object at 0x12f875040>: Failed to establish a new connection: [Errno 61] Connection refused')': /session/7c73ae5fa24b7eac7985c15b234aa1a4/url
2025-04-14 20:38:07,159 - WARNING - Retrying (Retry(total=0, connect=None, read=None, redirect=None, status=None)) after connection broken by 'NewConnectionError('<urllib3.connection.HTTPConnection object at 0x12f875220>: Failed to establish a new connection: [Errno 61] Connection refused')': /session/7c73ae5fa24b7eac7985c15b234aa1a4/url
2025-04-14 20:38:07,160 - ERROR - Unexpected error on page 1: HTTPConnectionPool(host='localhost', port=62651): Max retries exceeded with url: /session/7c73ae5fa24b7eac7985c15b234aa1a4/url (Caused by NewConnectionError('<urllib3.connection.HTTPConnection object at 0x12f875460>: Failed to establish a new connection: [Errno 61] Connection refused'))
2025-04-14 20:38:07,161 - WARNING - Retrying (Retry(total=2, connect=None, read=None, redirect=None, status=None)) after connection broken by 'NewConnectionError('<urllib3.connection.HTTPConnection object at 0x12f875760>: Failed to establish a new connection: [Errno 61] Connection refused')': /session/7c73ae5fa24b7eac7985c15b234aa1a4/screenshot
2025-04-14 20:38:07,162 - WARNING - Retrying (Retry(total=1, connect=None, read=None, redirect=None, status=None)) after connection broken by 'NewConnectionError('<urllib3.connection.HTTPConnection object at 0x12f875910>: Failed to establish a new connection: [Errno 61] Connection refused')': /session/7c73ae5fa24b7eac7985c15b234aa1a4/screenshot
2025-04-14 20:38:07,163 - WARNING - Retrying (Retry(total=0, connect=None, read=None, redirect=None, status=None)) after connection broken by 'NewConnectionError('<urllib3.connection.HTTPConnection object at 0x12f875ac0>: Failed to establish a new connection: [Errno 61] Connection refused')': /session/7c73ae5fa24b7eac7985c15b234aa1a4/screenshot
2025-04-14 20:38:07,163 - ERROR - Fatal error in scraper: HTTPConnectionPool(host='localhost', port=62651): Max retries exceeded with url: /session/7c73ae5fa24b7eac7985c15b234aa1a4/screenshot (Caused by NewConnectionError('<urllib3.connection.HTTPConnection object at 0x12f875c70>: Failed to establish a new connection: [Errno 61] Connection refused'))
2025-04-14 20:44:53,385 - INFO - Using user agent: Mozilla/5.0 (X11; Linux x86_64) AppleWebKit/537.36 (KHTML, like Gecko) Chrome/124.0.0.0 Safari/537.36
2025-04-14 20:44:53,389 - INFO - ====== WebDriver manager ======
2025-04-14 20:44:53,680 - INFO - Get LATEST chromedriver version for google-chrome
2025-04-14 20:44:53,753 - INFO - Get LATEST chromedriver version for google-chrome
2025-04-14 20:44:53,801 - INFO - Driver [/Users/abhaykumar/.wdm/drivers/chromedriver/mac64/135.0.7049.84/chromedriver-mac-arm64/chromedriver] found in cache
2025-04-14 20:44:55,554 - INFO - Scraping page 1: https://dir.indiamart.com/search.mp?ss=iphone&page=1
2025-04-14 20:45:11,913 - WARNING - No products found on page 1.
2025-04-14 20:45:33,569 - INFO - Starting scrape for 'iphone' with max 1 pages
2025-04-14 20:45:33,571 - INFO - Using user agent: Mozilla/5.0 (Macintosh; Intel Mac OS X 10_15_7) AppleWebKit/605.1.15 (KHTML, like Gecko) Version/17.0 Safari/605.1.15
2025-04-14 20:45:33,572 - INFO - ====== WebDriver manager ======
2025-04-14 20:45:33,858 - INFO - Get LATEST chromedriver version for google-chrome
2025-04-14 20:45:33,934 - INFO - Get LATEST chromedriver version for google-chrome
2025-04-14 20:45:33,983 - INFO - Driver [/Users/abhaykumar/.wdm/drivers/chromedriver/mac64/135.0.7049.84/chromedriver-mac-arm64/chromedriver] found in cache
2025-04-14 20:45:36,620 - INFO - Scraping page 1...
2025-04-14 20:45:36,621 - INFO - Accessing URL: https://dir.indiamart.com/search.mp?ss=iphone
2025-04-14 20:45:44,824 - INFO - Looking for products with selector: div.card.brs5
2025-04-14 20:45:44,843 - INFO - Found 10 products on page 1
2025-04-14 20:45:44,959 - INFO - Extracted product: Black Iphone 13 128 Gb with price: 34,000
2025-04-14 20:45:45,036 - INFO - Extracted product: APPLE IPHONE 15 PRO with price: 1,09,999
2025-04-14 20:45:45,132 - INFO - Extracted product: apple iphone 16e 512gb white with price: 79,900
2025-04-14 20:45:45,208 - INFO - Extracted product: Blue 12 Mini Apple IPhone with price: 17,999
2025-04-14 20:45:45,284 - INFO - Extracted product: White Apple IPhone 15 Plus with price: 89,900
2025-04-14 20:45:45,359 - INFO - Extracted product: Silver Iphone X 64 Gb with price: 23,500
2025-04-14 20:45:45,435 - INFO - Extracted product: Black Apple Iphone 11 with price: 18,000
2025-04-14 20:45:45,511 - INFO - Extracted product: Red Apple IPhone 13 256 GB Mobile with price: 42,999
2025-04-14 20:45:45,587 - INFO - Extracted product: WHITE Iphone 15 with price: 49,500
2025-04-14 20:45:45,663 - INFO - Extracted product: Apple Midnight 128 Gb Iphone 14 with price: 56,900
2025-04-14 20:45:45,663 - INFO - Looking for next button with selector: a[rel="next"]
2025-04-14 20:45:45,670 - INFO - Looking for next button with selector: a.next-page
2025-04-14 20:45:45,678 - INFO - Looking for next button with selector: li.next a
2025-04-14 20:45:45,685 - INFO - Looking for next button with selector: a.pg-next
2025-04-14 20:45:45,693 - INFO - No next page found or reached max pages.
2025-04-14 20:45:45,780 - INFO - Browser closed. Scraping complete.
2025-04-14 20:45:45,780 - INFO - Scraping page 1...
2025-04-14 20:45:45,781 - INFO - Accessing URL: https://dir.indiamart.com/search.mp?ss=iphone
2025-04-14 20:45:45,781 - WARNING - Retrying (Retry(total=2, connect=None, read=None, redirect=None, status=None)) after connection broken by 'NewConnectionError('<urllib3.connection.HTTPConnection object at 0x11b863800>: Failed to establish a new connection: [Errno 61] Connection refused')': /session/138e882f02924e09f9639a60a3301527/url
2025-04-14 20:45:45,782 - WARNING - Retrying (Retry(total=1, connect=None, read=None, redirect=None, status=None)) after connection broken by 'NewConnectionError('<urllib3.connection.HTTPConnection object at 0x11b863a10>: Failed to establish a new connection: [Errno 61] Connection refused')': /session/138e882f02924e09f9639a60a3301527/url
2025-04-14 20:45:45,782 - WARNING - Retrying (Retry(total=0, connect=None, read=None, redirect=None, status=None)) after connection broken by 'NewConnectionError('<urllib3.connection.HTTPConnection object at 0x11b863e30>: Failed to establish a new connection: [Errno 61] Connection refused')': /session/138e882f02924e09f9639a60a3301527/url
2025-04-14 20:45:45,783 - ERROR - Unexpected error on page 1: HTTPConnectionPool(host='localhost', port=62902): Max retries exceeded with url: /session/138e882f02924e09f9639a60a3301527/url (Caused by NewConnectionError('<urllib3.connection.HTTPConnection object at 0x11b8638f0>: Failed to establish a new connection: [Errno 61] Connection refused'))
2025-04-14 20:45:45,783 - WARNING - Retrying (Retry(total=2, connect=None, read=None, redirect=None, status=None)) after connection broken by 'NewConnectionError('<urllib3.connection.HTTPConnection object at 0x11b8a4350>: Failed to establish a new connection: [Errno 61] Connection refused')': /session/138e882f02924e09f9639a60a3301527/screenshot
2025-04-14 20:45:45,784 - WARNING - Retrying (Retry(total=1, connect=None, read=None, redirect=None, status=None)) after connection broken by 'NewConnectionError('<urllib3.connection.HTTPConnection object at 0x11b8a4500>: Failed to establish a new connection: [Errno 61] Connection refused')': /session/138e882f02924e09f9639a60a3301527/screenshot
2025-04-14 20:45:45,784 - WARNING - Retrying (Retry(total=0, connect=None, read=None, redirect=None, status=None)) after connection broken by 'NewConnectionError('<urllib3.connection.HTTPConnection object at 0x11b8a46b0>: Failed to establish a new connection: [Errno 61] Connection refused')': /session/138e882f02924e09f9639a60a3301527/screenshot
2025-04-14 20:45:45,785 - ERROR - Fatal error in scraper: HTTPConnectionPool(host='localhost', port=62902): Max retries exceeded with url: /session/138e882f02924e09f9639a60a3301527/screenshot (Caused by NewConnectionError('<urllib3.connection.HTTPConnection object at 0x11b8a4860>: Failed to establish a new connection: [Errno 61] Connection refused'))
2025-04-14 20:45:45,785 - WARNING - Retrying (Retry(total=2, connect=None, read=None, redirect=None, status=None)) after connection broken by 'NewConnectionError('<urllib3.connection.HTTPConnection object at 0x11b8a4a70>: Failed to establish a new connection: [Errno 61] Connection refused')': /session/138e882f02924e09f9639a60a3301527
2025-04-14 20:45:45,786 - WARNING - Retrying (Retry(total=1, connect=None, read=None, redirect=None, status=None)) after connection broken by 'NewConnectionError('<urllib3.connection.HTTPConnection object at 0x11b8a4c20>: Failed to establish a new connection: [Errno 61] Connection refused')': /session/138e882f02924e09f9639a60a3301527
2025-04-14 20:45:45,786 - WARNING - Retrying (Retry(total=0, connect=None, read=None, redirect=None, status=None)) after connection broken by 'NewConnectionError('<urllib3.connection.HTTPConnection object at 0x11b8a4dd0>: Failed to establish a new connection: [Errno 61] Connection refused')': /session/138e882f02924e09f9639a60a3301527
2025-04-14 20:45:45,787 - ERROR - Main execution error: name 'logger' is not defined
2025-04-14 20:51:39,147 - INFO - Starting scrape for 'iphone' with max 1 pages
2025-04-14 20:51:39,152 - INFO - Using user agent: Mozilla/5.0 (Windows NT 10.0; Win64; x64; rv:109.0) Gecko/20100101 Firefox/124.0
2025-04-14 20:51:39,152 - INFO - ====== WebDriver manager ======
2025-04-14 20:51:39,432 - INFO - Get LATEST chromedriver version for google-chrome
2025-04-14 20:51:39,495 - INFO - Get LATEST chromedriver version for google-chrome
2025-04-14 20:51:39,547 - INFO - Driver [/Users/abhaykumar/.wdm/drivers/chromedriver/mac64/135.0.7049.84/chromedriver-mac-arm64/chromedriver] found in cache
2025-04-14 20:51:42,016 - INFO - Scraping page 1...
2025-04-14 20:51:42,017 - INFO - Accessing URL: https://dir.indiamart.com/search.mp?ss=iphone
2025-04-14 20:51:53,197 - INFO - Looking for products with selector: div.card.brs5
2025-04-14 20:51:53,217 - INFO - Found 20 products on page 1
2025-04-14 20:51:53,325 - INFO - Extracted product: Black Iphone 13 128 Gb with price: 34,000
2025-04-14 20:51:53,398 - INFO - Extracted product: APPLE IPHONE 15 PRO with price: 1,09,999
2025-04-14 20:51:53,471 - INFO - Extracted product: apple iphone 16e 512gb white with price: 79,900
2025-04-14 20:51:53,543 - INFO - Extracted product: Blue 12 Mini Apple IPhone with price: 17,999
2025-04-14 20:51:53,619 - INFO - Extracted product: White Apple IPhone 15 Plus with price: 89,900
2025-04-14 20:51:53,692 - INFO - Extracted product: Silver Iphone X 64 Gb with price: 23,500
2025-04-14 20:51:53,769 - INFO - Extracted product: Black Apple Iphone 11 with price: 18,000
2025-04-14 20:51:53,844 - INFO - Extracted product: Red Apple IPhone 13 256 GB Mobile with price: 42,999
2025-04-14 20:51:53,923 - INFO - Extracted product: WHITE Iphone 15 with price: 49,500
2025-04-14 20:51:53,997 - INFO - Extracted product: Apple Midnight 128 Gb Iphone 14 with price: 56,900
2025-04-14 20:51:54,070 - INFO - Extracted product: Black Apple iphone 16 Plus 128GB with price: 78,000
2025-04-14 20:51:54,147 - INFO - Extracted product: Apple Iphone 13 Pro (128Gb) - Sierra Blue with price: 95,000
2025-04-14 20:51:54,243 - INFO - Extracted product: White, Silver IPhone 7 Plus, 6s Plus with price: 80,000
2025-04-14 20:51:54,322 - INFO - Extracted product: IPhone 16promax Copy with price: 13,000
2025-04-14 20:51:54,398 - INFO - Extracted product: Replacement Part For Rear(back) Glass Panel Compatible With (iphone 14 Pro) 7 Day Replacement Warranty - Silver with price: 3,999
2025-04-14 20:51:54,472 - INFO - Extracted product: Iphone data cable with price: 15
2025-04-14 20:51:54,554 - INFO - Extracted product: Multicolor iphone 15 pro max with price: 1,59,900
2025-04-14 20:51:54,587 - WARNING - Could not extract price
2025-04-14 20:51:54,633 - INFO - Extracted product: Iphone 5s 32gb with price: None
2025-04-14 20:51:54,706 - INFO - Extracted product: Iphone 7 wholesale rate with price: 5,999
2025-04-14 20:51:54,778 - INFO - Extracted product: Silver Iphone 15pro 128GB with price: 78,000
2025-04-14 20:51:54,778 - INFO - Looking for next button with selector: a[rel="next"]
2025-04-14 20:51:54,785 - INFO - Looking for next button with selector: a.next-page
2025-04-14 20:51:54,792 - INFO - Looking for next button with selector: li.next a
2025-04-14 20:51:54,800 - INFO - Looking for next button with selector: a.pg-next
2025-04-14 20:51:54,808 - INFO - No next page found or reached max pages.
2025-04-14 20:51:54,917 - INFO - Browser closed. Scraping complete.
2025-04-14 20:51:54,917 - INFO - Scraping page 1...
2025-04-14 20:51:54,917 - INFO - Accessing URL: https://dir.indiamart.com/search.mp?ss=iphone
2025-04-14 20:51:54,918 - WARNING - Retrying (Retry(total=2, connect=None, read=None, redirect=None, status=None)) after connection broken by 'NewConnectionError('<urllib3.connection.HTTPConnection object at 0x117afc080>: Failed to establish a new connection: [Errno 61] Connection refused')': /session/c357b021969a6882a178f7a48c26fb2f/url
2025-04-14 20:51:54,918 - WARNING - Retrying (Retry(total=1, connect=None, read=None, redirect=None, status=None)) after connection broken by 'NewConnectionError('<urllib3.connection.HTTPConnection object at 0x117afcd70>: Failed to establish a new connection: [Errno 61] Connection refused')': /session/c357b021969a6882a178f7a48c26fb2f/url
2025-04-14 20:51:54,919 - WARNING - Retrying (Retry(total=0, connect=None, read=None, redirect=None, status=None)) after connection broken by 'NewConnectionError('<urllib3.connection.HTTPConnection object at 0x117afcf50>: Failed to establish a new connection: [Errno 61] Connection refused')': /session/c357b021969a6882a178f7a48c26fb2f/url
2025-04-14 20:51:54,920 - ERROR - Unexpected error on page 1: HTTPConnectionPool(host='localhost', port=63097): Max retries exceeded with url: /session/c357b021969a6882a178f7a48c26fb2f/url (Caused by NewConnectionError('<urllib3.connection.HTTPConnection object at 0x117afd190>: Failed to establish a new connection: [Errno 61] Connection refused'))
2025-04-14 20:51:54,920 - WARNING - Retrying (Retry(total=2, connect=None, read=None, redirect=None, status=None)) after connection broken by 'NewConnectionError('<urllib3.connection.HTTPConnection object at 0x117afd490>: Failed to establish a new connection: [Errno 61] Connection refused')': /session/c357b021969a6882a178f7a48c26fb2f/screenshot
2025-04-14 20:51:54,921 - WARNING - Retrying (Retry(total=1, connect=None, read=None, redirect=None, status=None)) after connection broken by 'NewConnectionError('<urllib3.connection.HTTPConnection object at 0x117afd640>: Failed to establish a new connection: [Errno 61] Connection refused')': /session/c357b021969a6882a178f7a48c26fb2f/screenshot
2025-04-14 20:51:54,921 - WARNING - Retrying (Retry(total=0, connect=None, read=None, redirect=None, status=None)) after connection broken by 'NewConnectionError('<urllib3.connection.HTTPConnection object at 0x117afd7f0>: Failed to establish a new connection: [Errno 61] Connection refused')': /session/c357b021969a6882a178f7a48c26fb2f/screenshot
2025-04-14 20:51:54,922 - ERROR - Fatal error in scraper: HTTPConnectionPool(host='localhost', port=63097): Max retries exceeded with url: /session/c357b021969a6882a178f7a48c26fb2f/screenshot (Caused by NewConnectionError('<urllib3.connection.HTTPConnection object at 0x117afd9a0>: Failed to establish a new connection: [Errno 61] Connection refused'))
2025-04-14 20:53:07,064 - INFO - Starting scrape for 'realme 11' with max 1 pages
2025-04-14 20:53:07,070 - INFO - Using user agent: Mozilla/5.0 (Windows NT 10.0; Win64; x64; rv:109.0) Gecko/20100101 Firefox/124.0
2025-04-14 20:53:07,071 - INFO - ====== WebDriver manager ======
2025-04-14 20:53:07,363 - INFO - Get LATEST chromedriver version for google-chrome
2025-04-14 20:53:07,430 - INFO - Get LATEST chromedriver version for google-chrome
2025-04-14 20:53:07,483 - INFO - Driver [/Users/abhaykumar/.wdm/drivers/chromedriver/mac64/135.0.7049.84/chromedriver-mac-arm64/chromedriver] found in cache
2025-04-14 20:53:09,716 - INFO - Scraping page 1...
2025-04-14 20:53:09,718 - INFO - Accessing URL: https://dir.indiamart.com/search.mp?ss=realme%2B11
2025-04-14 20:53:19,997 - INFO - Looking for products with selector: div.card.brs5
2025-04-14 20:53:20,016 - INFO - Found 20 products on page 1
2025-04-14 20:53:20,131 - INFO - Extracted product: Gold Slim Realme 11 Pro+ 5G with price: 29,999
2025-04-14 20:53:20,207 - INFO - Extracted product: White REALME 11X 5G, Pan India with price: 15,499
2025-04-14 20:53:20,283 - INFO - Extracted product: Slim Realme C11 Cool Blue Smart Phone, Android 11, Dimension: 16.5 X 7.6 X 5.2 cm with price: 9,500
2025-04-14 20:53:20,381 - WARNING - Could not extract rating
2025-04-14 20:53:20,401 - INFO - Extracted product: Sunrise Beige Slim Realme 11 Pro 5G Phone with price: 25,000
2025-04-14 20:53:20,481 - INFO - Extracted product: Slim Realme 11 Pro Smart Phone with price: 25,500
2025-04-14 20:53:20,556 - INFO - Extracted product: Sunrise Beige Slim Realme 11 Pro 5G Phone with price: 27,999
2025-04-14 20:53:20,619 - WARNING - Could not extract rating
2025-04-14 20:53:20,634 - INFO - Extracted product: Realme C11 2021 2/32gb-7499 with price: 7,499
2025-04-14 20:53:20,665 - WARNING - Could not extract price
2025-04-14 20:53:20,712 - INFO - Extracted product: Glory Gold Slim Realme 11 5G Mobile Phone with price: None
2025-04-14 20:53:20,775 - WARNING - Could not extract rating
2025-04-14 20:53:20,791 - INFO - Extracted product: REALME 11X DISPLAY WITH MIDDLE FRAME with price: 2,799
2025-04-14 20:53:20,865 - INFO - Extracted product: Realme C11 2021 (2/32GB) with price: 4,472
2025-04-14 20:53:20,893 - WARNING - Could not extract price
2025-04-14 20:53:20,940 - INFO - Extracted product: Realme Mobile 11 with price: None
2025-04-14 20:53:21,036 - INFO - Extracted product: Dark Green Bar 3 GB RAM Realme C31 Smartphone, Android 11 with price: 9,299
2025-04-14 20:53:21,066 - WARNING - Could not extract price
2025-04-14 20:53:21,102 - WARNING - Could not extract rating
2025-04-14 20:53:21,118 - INFO - Extracted product: Realme 11 5G with price: None
2025-04-14 20:53:21,192 - INFO - Extracted product: Realme 11 5G with price: 18,000
2025-04-14 20:53:21,219 - WARNING - Could not extract price
2025-04-14 20:53:21,255 - WARNING - Could not extract rating
2025-04-14 20:53:21,271 - INFO - Extracted product: Realme 11 PRO PLUS (5G) Smart Phone with price: None
2025-04-14 20:53:21,345 - INFO - Extracted product: glowing grey Slim realme pad X tablet with price: 20,000
2025-04-14 20:53:21,417 - INFO - Extracted product: Realme Earbuds r11, Black, Mobile with price: 280
2025-04-14 20:53:21,491 - INFO - Extracted product: Realme C11 (32 Gb, 3G Ram) Android 10 realme UI with price: 5,500 1
2025-04-14 20:53:21,564 - INFO - Extracted product: Black And White Realme C11 Pro Mobile Back Cover with price: 65
2025-04-14 20:53:21,641 - INFO - Extracted product: REALME C11 DISPLAY COMBO with price: 480
2025-04-14 20:53:21,641 - INFO - Looking for next button with selector: a[rel="next"]
2025-04-14 20:53:21,648 - INFO - Looking for next button with selector: a.next-page
2025-04-14 20:53:21,656 - INFO - Looking for next button with selector: li.next a
2025-04-14 20:53:21,664 - INFO - Looking for next button with selector: a.pg-next
2025-04-14 20:53:21,672 - INFO - No next page found or reached max pages.
2025-04-14 20:53:21,777 - INFO - Browser closed. Scraping complete.
2025-04-14 20:53:21,778 - INFO - Scraping page 1...
2025-04-14 20:53:21,778 - INFO - Accessing URL: https://dir.indiamart.com/search.mp?ss=realme%2B11
2025-04-14 20:53:21,779 - WARNING - Retrying (Retry(total=2, connect=None, read=None, redirect=None, status=None)) after connection broken by 'NewConnectionError('<urllib3.connection.HTTPConnection object at 0x12ab50860>: Failed to establish a new connection: [Errno 61] Connection refused')': /session/1b84a5a5e016f5ae4e827f37b9855db8/url
2025-04-14 20:53:21,780 - WARNING - Retrying (Retry(total=1, connect=None, read=None, redirect=None, status=None)) after connection broken by 'NewConnectionError('<urllib3.connection.HTTPConnection object at 0x12ab50350>: Failed to establish a new connection: [Errno 61] Connection refused')': /session/1b84a5a5e016f5ae4e827f37b9855db8/url
2025-04-14 20:53:21,780 - WARNING - Retrying (Retry(total=0, connect=None, read=None, redirect=None, status=None)) after connection broken by 'NewConnectionError('<urllib3.connection.HTTPConnection object at 0x12ab512b0>: Failed to establish a new connection: [Errno 61] Connection refused')': /session/1b84a5a5e016f5ae4e827f37b9855db8/url
2025-04-14 20:53:21,781 - ERROR - Unexpected error on page 1: HTTPConnectionPool(host='localhost', port=63198): Max retries exceeded with url: /session/1b84a5a5e016f5ae4e827f37b9855db8/url (Caused by NewConnectionError('<urllib3.connection.HTTPConnection object at 0x12ab514f0>: Failed to establish a new connection: [Errno 61] Connection refused'))
2025-04-14 20:53:21,781 - WARNING - Retrying (Retry(total=2, connect=None, read=None, redirect=None, status=None)) after connection broken by 'NewConnectionError('<urllib3.connection.HTTPConnection object at 0x12ab517f0>: Failed to establish a new connection: [Errno 61] Connection refused')': /session/1b84a5a5e016f5ae4e827f37b9855db8/screenshot
2025-04-14 20:53:21,782 - WARNING - Retrying (Retry(total=1, connect=None, read=None, redirect=None, status=None)) after connection broken by 'NewConnectionError('<urllib3.connection.HTTPConnection object at 0x12ab519a0>: Failed to establish a new connection: [Errno 61] Connection refused')': /session/1b84a5a5e016f5ae4e827f37b9855db8/screenshot
2025-04-14 20:53:21,783 - WARNING - Retrying (Retry(total=0, connect=None, read=None, redirect=None, status=None)) after connection broken by 'NewConnectionError('<urllib3.connection.HTTPConnection object at 0x12ab51b50>: Failed to establish a new connection: [Errno 61] Connection refused')': /session/1b84a5a5e016f5ae4e827f37b9855db8/screenshot
2025-04-14 20:53:21,783 - ERROR - Fatal error in scraper: HTTPConnectionPool(host='localhost', port=63198): Max retries exceeded with url: /session/1b84a5a5e016f5ae4e827f37b9855db8/screenshot (Caused by NewConnectionError('<urllib3.connection.HTTPConnection object at 0x12ab51d00>: Failed to establish a new connection: [Errno 61] Connection refused'))
2025-04-14 20:54:29,382 - INFO - Starting scrape for 'water bottle' with max 1 pages
2025-04-14 20:54:29,386 - INFO - Using user agent: Mozilla/5.0 (Macintosh; Intel Mac OS X 10_15_7) AppleWebKit/605.1.15 (KHTML, like Gecko) Version/17.0 Safari/605.1.15
2025-04-14 20:54:29,387 - INFO - ====== WebDriver manager ======
2025-04-14 20:54:29,684 - INFO - Get LATEST chromedriver version for google-chrome
2025-04-14 20:54:29,761 - INFO - Get LATEST chromedriver version for google-chrome
2025-04-14 20:54:29,851 - INFO - Driver [/Users/abhaykumar/.wdm/drivers/chromedriver/mac64/135.0.7049.84/chromedriver-mac-arm64/chromedriver] found in cache
2025-04-14 20:54:31,657 - INFO - Scraping page 1...
2025-04-14 20:54:31,657 - INFO - Accessing URL: https://dir.indiamart.com/search.mp?ss=water%2Bbottle
2025-04-14 20:54:43,061 - INFO - Looking for products with selector: div.card.brs5
2025-04-14 20:54:43,081 - INFO - Found 20 products on page 1
2025-04-14 20:54:43,196 - INFO - Extracted product: Stainless Steel Water Bottle 1 Litre with price: 160
2025-04-14 20:54:43,274 - INFO - Extracted product: Plastic 1100 Ml Belly Gym Water Bottle with price: 243
2025-04-14 20:54:43,349 - INFO - Extracted product: Stainless Steel Hot And Cold Water Bottle With Push-down Lid (350ml) 9889 with price: 123.17
2025-04-14 20:54:43,425 - INFO - Extracted product: Steel CHROMO WATER BOTTLE, 500 mL with price: 466
2025-04-14 20:54:43,500 - INFO - Extracted product: Plastic Frosty Square Water Bottle (Cartoon printed), 1000 mL with price: 40
2025-04-14 20:54:43,572 - INFO - Extracted product: Plastic Motivational Water Bottle Set of 3 Pcs with price: 185
2025-04-14 20:54:43,644 - INFO - Extracted product: Tupperware Plastic Children Water Bottle, Capacity: 500 mL with price: 315
2025-04-14 20:54:43,716 - INFO - Extracted product: Cool & Cool water bottle, 1 Litre with price: 55
2025-04-14 20:54:43,789 - INFO - Extracted product: Stainless Steel Water Bottle with price: 100
2025-04-14 20:54:43,861 - INFO - Extracted product: Ss Water Bottle, Capacity: 1 Litre with price: 95
2025-04-14 20:54:43,936 - INFO - Extracted product: Stainless Steel Water Bottle 600 ML with price: 170
2025-04-14 20:54:44,019 - INFO - Extracted product: Hemico Hello Master Borosilicate Water Bottle 480ML, Leakproof, Transparent Water for Home with price: 50
2025-04-14 20:54:44,093 - INFO - Extracted product: Standard Double Wall Silver Hot And Cold Water Bottle 350ml with price: 135
2025-04-14 20:54:44,169 - INFO - Extracted product: Stainless Steel Water Bottle, Capacity: 1000 mL with price: 115/Bottle
2025-04-14 20:54:44,244 - INFO - Extracted product: Matt Custmised Steel Water Bottle, Capacity: 750 mL with price: 125
2025-04-14 20:54:44,317 - INFO - Extracted product: Stainless Steel Temperature Water Bottle with price: 108
2025-04-14 20:54:44,397 - INFO - Extracted product: Plastic Motivational Water Bottle, 1000 mL with price: 140
2025-04-14 20:54:44,499 - INFO - Extracted product: Stainless Steel Water Bottle, Capacity: 750 mL with price: 175
2025-04-14 20:54:44,572 - INFO - Extracted product: Sublimation Printed Water Bottles Sports Bottle 750 ml with price: 150
2025-04-14 20:54:44,648 - INFO - Extracted product: 500mL Copper Water Bottle with price: 320
2025-04-14 20:54:44,648 - INFO - Looking for next button with selector: a[rel="next"]
2025-04-14 20:54:44,655 - INFO - Looking for next button with selector: a.next-page
2025-04-14 20:54:44,662 - INFO - Looking for next button with selector: li.next a
2025-04-14 20:54:44,670 - INFO - Looking for next button with selector: a.pg-next
2025-04-14 20:54:44,677 - INFO - No next page found or reached max pages.
2025-04-14 20:54:44,791 - INFO - Browser closed. Scraping complete.
2025-04-14 20:54:44,791 - INFO - Scraping page 1...
2025-04-14 20:54:44,791 - INFO - Accessing URL: https://dir.indiamart.com/search.mp?ss=water%2Bbottle
2025-04-14 20:54:44,793 - WARNING - Retrying (Retry(total=2, connect=None, read=None, redirect=None, status=None)) after connection broken by 'NewConnectionError('<urllib3.connection.HTTPConnection object at 0x1173dcbc0>: Failed to establish a new connection: [Errno 61] Connection refused')': /session/f109df30443bd6ebf9411464c5c53402/url
2025-04-14 20:54:44,794 - WARNING - Retrying (Retry(total=1, connect=None, read=None, redirect=None, status=None)) after connection broken by 'NewConnectionError('<urllib3.connection.HTTPConnection object at 0x1173dcf80>: Failed to establish a new connection: [Errno 61] Connection refused')': /session/f109df30443bd6ebf9411464c5c53402/url
2025-04-14 20:54:44,795 - WARNING - Retrying (Retry(total=0, connect=None, read=None, redirect=None, status=None)) after connection broken by 'NewConnectionError('<urllib3.connection.HTTPConnection object at 0x1173dd190>: Failed to establish a new connection: [Errno 61] Connection refused')': /session/f109df30443bd6ebf9411464c5c53402/url
2025-04-14 20:54:44,796 - ERROR - Unexpected error on page 1: HTTPConnectionPool(host='localhost', port=63303): Max retries exceeded with url: /session/f109df30443bd6ebf9411464c5c53402/url (Caused by NewConnectionError('<urllib3.connection.HTTPConnection object at 0x1173dd3d0>: Failed to establish a new connection: [Errno 61] Connection refused'))
2025-04-14 20:54:44,798 - WARNING - Retrying (Retry(total=2, connect=None, read=None, redirect=None, status=None)) after connection broken by 'NewConnectionError('<urllib3.connection.HTTPConnection object at 0x1173dd6d0>: Failed to establish a new connection: [Errno 61] Connection refused')': /session/f109df30443bd6ebf9411464c5c53402/screenshot
2025-04-14 20:54:44,799 - WARNING - Retrying (Retry(total=1, connect=None, read=None, redirect=None, status=None)) after connection broken by 'NewConnectionError('<urllib3.connection.HTTPConnection object at 0x1173dd880>: Failed to establish a new connection: [Errno 61] Connection refused')': /session/f109df30443bd6ebf9411464c5c53402/screenshot
2025-04-14 20:54:44,800 - WARNING - Retrying (Retry(total=0, connect=None, read=None, redirect=None, status=None)) after connection broken by 'NewConnectionError('<urllib3.connection.HTTPConnection object at 0x1173dda30>: Failed to establish a new connection: [Errno 61] Connection refused')': /session/f109df30443bd6ebf9411464c5c53402/screenshot
2025-04-14 20:54:44,800 - ERROR - Fatal error in scraper: HTTPConnectionPool(host='localhost', port=63303): Max retries exceeded with url: /session/f109df30443bd6ebf9411464c5c53402/screenshot (Caused by NewConnectionError('<urllib3.connection.HTTPConnection object at 0x1173ddbe0>: Failed to establish a new connection: [Errno 61] Connection refused'))
2025-04-14 21:55:53,608 - INFO - Starting scrape for 'cooler' with max 1 pages
2025-04-14 21:55:53,613 - INFO - Using user agent: Mozilla/5.0 (Windows NT 10.0; Win64; x64) AppleWebKit/537.36 (KHTML, like Gecko) Chrome/125.0.0.0 Safari/537.36
2025-04-14 21:55:53,613 - INFO - ====== WebDriver manager ======
2025-04-14 21:55:53,900 - INFO - Get LATEST chromedriver version for google-chrome
2025-04-14 21:55:54,005 - INFO - Get LATEST chromedriver version for google-chrome
2025-04-14 21:55:54,056 - INFO - Driver [/Users/abhaykumar/.wdm/drivers/chromedriver/mac64/135.0.7049.84/chromedriver-mac-arm64/chromedriver] found in cache
2025-04-14 21:55:56,361 - INFO - Scraping page 1...
2025-04-14 21:55:56,361 - INFO - Accessing URL: https://dir.indiamart.com/search.mp?ss=cooler
2025-04-14 21:56:11,559 - INFO - Looking for products with selector: div.card.brs5
2025-04-14 21:56:11,579 - INFO - Found 20 products on page 1
2025-04-14 21:56:11,687 - INFO - Extracted product: Tower Mini Commercial Cooler, 20- 40 ft with price: 5,240
2025-04-14 21:56:11,762 - INFO - Extracted product: Material: ABS Desert Commercial Air Cooler, 40 ft with price: 5,800
2025-04-14 21:56:11,834 - INFO - Extracted product: Plastic Tower Glass Top Air Cooler Body, 100 L with price: 7,800
2025-04-14 21:56:11,906 - INFO - Extracted product: Material: Plastic Air Cooler with price: 6,500
2025-04-14 21:56:11,979 - INFO - Extracted product: Body Desert NEO AIR COOLER with price: 3,150
2025-04-14 21:56:12,008 - WARNING - Could not extract price
2025-04-14 21:56:12,055 - INFO - Extracted product: Aroking Desert Cooler - 100 , Heavy Duty Motor/ With Wheels / Low Noise with price: None
2025-04-14 21:56:12,130 - INFO - Extracted product: Portable PVC 12" Sprint Plastic Cooler Body SM-2174 with price: 2,000
2025-04-14 21:56:12,202 - INFO - Extracted product: Material: Plastic UV Air Cooler ST Tower Air cooler, 20- 40 ft with price: 6,850
2025-04-14 21:56:12,276 - INFO - Extracted product: Material: Plastic Desert Grand Air Cooler, 80 with price: 3,500
2025-04-14 21:56:12,343 - WARNING - Could not extract rating
2025-04-14 21:56:12,358 - INFO - Extracted product: Desert Sharkline Cruise 576 Steel Air Cooler, 520 Sq Ft with price: 14,000
2025-04-14 21:56:12,430 - INFO - Extracted product: Fibre Zenco Air Cooler with price: 38,000
2025-04-14 21:56:12,502 - INFO - Extracted product: Material: Plastic Personal Kanbay Cruze 16 Inch Cooler, 55, 20- 40 Ft with price: 1,950
2025-04-14 21:56:12,575 - INFO - Extracted product: Usha Water Coolers, Storage Capacity: 120 L with price: 22,000
2025-04-14 21:56:12,648 - INFO - Extracted product: Fan Portable Smarty Air Cooler Body with price: 2,000
2025-04-14 21:56:12,731 - INFO - Extracted product: Desert Plastic Portable Air Cooler, 30L, Upto 20 ft with price: 4,750
2025-04-14 21:56:12,803 - INFO - Extracted product: Material: Metal Desert Air Cooler, Upto 20 ft with price: 3,000
2025-04-14 21:56:12,874 - INFO - Extracted product: 140W Portable Plastic Air Cooler, 20 ft with price: 4,800
2025-04-14 21:56:12,946 - INFO - Extracted product: Material: Plastic ANTILIA TOWER COOLER, 80 with price: 3,900
2025-04-14 21:56:13,018 - INFO - Extracted product: Desert Material: Metal Electric Air Cooler with price: 4,500
2025-04-14 21:56:13,093 - INFO - Extracted product: MLSON Plastic Room Air Cooler, 20- 40 ft with price: 5,499/Unit
2025-04-14 21:56:13,093 - INFO - Looking for next button with selector: a[rel="next"]
2025-04-14 21:56:13,100 - INFO - Looking for next button with selector: a.next-page
2025-04-14 21:56:13,107 - INFO - Looking for next button with selector: li.next a
2025-04-14 21:56:13,114 - INFO - Looking for next button with selector: a.pg-next
2025-04-14 21:56:13,121 - INFO - No next page found or reached max pages.
2025-04-14 21:56:13,270 - INFO - Browser closed. Scraping complete.
2025-04-14 21:56:26,335 - WARNING - Retrying (Retry(total=2, connect=None, read=None, redirect=None, status=None)) after connection broken by 'NewConnectionError('<urllib3.connection.HTTPConnection object at 0x132078da0>: Failed to establish a new connection: [Errno 61] Connection refused')': /session/50d34e5679a8aaab7e870538bdbf04bd
2025-04-14 21:56:26,336 - WARNING - Retrying (Retry(total=1, connect=None, read=None, redirect=None, status=None)) after connection broken by 'NewConnectionError('<urllib3.connection.HTTPConnection object at 0x132078ce0>: Failed to establish a new connection: [Errno 61] Connection refused')': /session/50d34e5679a8aaab7e870538bdbf04bd
2025-04-14 21:56:26,336 - WARNING - Retrying (Retry(total=0, connect=None, read=None, redirect=None, status=None)) after connection broken by 'NewConnectionError('<urllib3.connection.HTTPConnection object at 0x132078fe0>: Failed to establish a new connection: [Errno 61] Connection refused')': /session/50d34e5679a8aaab7e870538bdbf04bd
2025-04-14 21:56:26,337 - INFO - WebDriver closed.
2025-04-14 21:56:26,359 - INFO - Saved 20 records to indiamart_cooler_20250414_215626.csv
2025-04-14 21:56:26,360 - INFO - Saved data to text file: indiamart_cooler_20250414_215626.txt
2025-04-14 22:01:08,512 - INFO - Starting scrape for 'prada shoulder bag' with max 1 pages
2025-04-14 22:01:08,519 - INFO - Using user agent: Mozilla/5.0 (Windows NT 10.0; Win64; x64) AppleWebKit/537.36 (KHTML, like Gecko) Chrome/125.0.0.0 Safari/537.36
2025-04-14 22:01:08,520 - INFO - ====== WebDriver manager ======
2025-04-14 22:01:08,809 - INFO - Get LATEST chromedriver version for google-chrome
2025-04-14 22:01:08,887 - INFO - Get LATEST chromedriver version for google-chrome
2025-04-14 22:01:08,965 - INFO - Driver [/Users/abhaykumar/.wdm/drivers/chromedriver/mac64/135.0.7049.84/chromedriver-mac-arm64/chromedriver] found in cache
2025-04-14 22:01:10,913 - INFO - Scraping page 1...
2025-04-14 22:01:10,914 - INFO - Accessing URL: https://dir.indiamart.com/search.mp?ss=prada%2Bshoulder%2Bbag
2025-04-14 22:01:21,822 - INFO - Looking for products with selector: div.card.brs5
2025-04-14 22:01:21,832 - INFO - Found 20 products on page 1
2025-04-14 22:01:21,937 - INFO - Extracted product: Hand Handled PU Leather Ladies Orange Shoulder Bag, 300gm, Size: 30x40 cm (lxw) with price: 150
2025-04-14 22:01:22,007 - WARNING - Could not extract rating
2025-04-14 22:01:22,022 - INFO - Extracted product: Prada_Flap_Shoulder_Bag_(brown) with price: 2,899
2025-04-14 22:01:22,095 - INFO - Extracted product: Ladies Shoulder Bags with price: 460
2025-04-14 22:01:22,168 - INFO - Extracted product: Mehandi Cotton Cosmus Arena Trendy Stylish Canvas Shoulder Sling Bag with price: 579
2025-04-14 22:01:22,240 - INFO - Extracted product: Ladies Printed Leather Shoulder Bag with price: 599
2025-04-14 22:01:22,314 - INFO - Extracted product: Dark Brown Women Leather Shoulder Bag with price: 1,450
2025-04-14 22:01:22,397 - INFO - Extracted product: White And Purple Genuine Leather Ladies Printed Shoulder Bag with price: 160
2025-04-14 22:01:22,468 - INFO - Extracted product: Red Hand Painted Dari Fabric Stripe Design Shoulder Bag 175, Size: 12"x14"x3" with price: 285
2025-04-14 22:01:22,531 - WARNING - Could not extract rating
2025-04-14 22:01:22,547 - INFO - Extracted product: Ladies Black Buffalo Leather Corporate Shoulder Bag with price: 850
2025-04-14 22:01:22,620 - INFO - Extracted product: Leather Baizag Senorita Shoulder Black Bag with price: 1,700
2025-04-14 22:01:22,692 - INFO - Extracted product: Leather Shoulder Bag with price: 1,205
2025-04-14 22:01:22,764 - INFO - Extracted product: Women PU Leather Beige Shoulder Bag Set with price: 265
2025-04-14 22:01:22,847 - INFO - Extracted product: Bag For Women Handbags Female Simple Large High Capacity Shoulder Side Bag Purses with price: 199
2025-04-14 22:01:22,920 - INFO - Extracted product: Rexine Ladies Shoulder Bag with price: 199
2025-04-14 22:01:22,982 - WARNING - Could not extract rating
2025-04-14 22:01:22,998 - INFO - Extracted product: Cotton Crocheted Crochet Shopping Shoulder Bags with price: 700
2025-04-14 22:01:23,071 - INFO - Extracted product: Leather Ladies Fancy Shoulder Bag with price: 960
2025-04-14 22:01:23,172 - INFO - Extracted product: Women Red Pure Leather Shoulder Bag with price: 2,000
2025-04-14 22:01:23,243 - INFO - Extracted product: Leather Ladies Shoulder Bag with price: 1,350
2025-04-14 22:01:23,316 - INFO - Extracted product: Pu Leather Embroidered Fancy Ladies Shoulder Bags with price: 310/Unit
2025-04-14 22:01:23,388 - INFO - Extracted product: Ladies Multi Color Shoulder Bag with price: 700
2025-04-14 22:01:23,388 - INFO - Looking for next button with selector: a[rel="next"]
2025-04-14 22:01:23,395 - INFO - Looking for next button with selector: a.next-page
2025-04-14 22:01:23,402 - INFO - Looking for next button with selector: li.next a
2025-04-14 22:01:23,409 - INFO - Looking for next button with selector: a.pg-next
2025-04-14 22:01:23,416 - INFO - No next page found or reached max pages.
2025-04-14 22:01:23,530 - INFO - Browser closed. Scraping complete.
2025-04-14 22:01:28,086 - WARNING - Retrying (Retry(total=2, connect=None, read=None, redirect=None, status=None)) after connection broken by 'NewConnectionError('<urllib3.connection.HTTPConnection object at 0x1232a0f80>: Failed to establish a new connection: [Errno 61] Connection refused')': /session/022c6700db3a49611efda8591bdcfd7b
2025-04-14 22:01:28,089 - WARNING - Retrying (Retry(total=1, connect=None, read=None, redirect=None, status=None)) after connection broken by 'NewConnectionError('<urllib3.connection.HTTPConnection object at 0x1232a05c0>: Failed to establish a new connection: [Errno 61] Connection refused')': /session/022c6700db3a49611efda8591bdcfd7b
2025-04-14 22:01:28,090 - WARNING - Retrying (Retry(total=0, connect=None, read=None, redirect=None, status=None)) after connection broken by 'NewConnectionError('<urllib3.connection.HTTPConnection object at 0x1232a1100>: Failed to establish a new connection: [Errno 61] Connection refused')': /session/022c6700db3a49611efda8591bdcfd7b
2025-04-14 22:01:28,091 - INFO - WebDriver closed.
2025-04-14 22:01:28,116 - INFO - Saved 20 records to indiamart_prada_shoulder_bag_20250414_220128.csv
2025-04-14 22:01:28,117 - INFO - Saved data to text file: indiamart_prada_shoulder_bag_20250414_220128.txt
2025-04-14 22:04:54,919 - INFO - Starting scrape for 'oreo' with max 2 pages
2025-04-14 22:04:54,926 - INFO - Using user agent: Mozilla/5.0 (X11; Linux x86_64) AppleWebKit/537.36 (KHTML, like Gecko) Chrome/124.0.0.0 Safari/537.36
2025-04-14 22:04:54,927 - INFO - ====== WebDriver manager ======
2025-04-14 22:04:55,223 - INFO - Get LATEST chromedriver version for google-chrome
2025-04-14 22:04:55,339 - INFO - Get LATEST chromedriver version for google-chrome
2025-04-14 22:04:55,399 - INFO - Driver [/Users/abhaykumar/.wdm/drivers/chromedriver/mac64/135.0.7049.84/chromedriver-mac-arm64/chromedriver] found in cache
2025-04-14 22:04:57,228 - INFO - Scraping page 1...
2025-04-14 22:04:57,228 - INFO - Accessing URL: https://dir.indiamart.com/search.mp?ss=oreo
2025-04-14 22:05:09,872 - INFO - Looking for products with selector: div.card.brs5
2025-04-14 22:05:09,889 - INFO - Found 20 products on page 1
2025-04-14 22:05:10,003 - INFO - Extracted product: Oreo Chocolate Biscuits, Packaging Type: Packet with price: 240
2025-04-14 22:05:10,100 - INFO - Extracted product: Vanilla Cream Biscuits Oreo Original Sandwich Biscuit, 119gm, Packaging Type: Box with price: 100
2025-04-14 22:05:10,174 - INFO - Extracted product: Cream Biscuits Oreo mini 10x Original/chocolate/strawberry, Packaging Type: Box with price: 200
2025-04-14 22:05:10,245 - INFO - Extracted product: Vanilla Oreo Mini Biscuits, Packaging Type: Box with price: 200
2025-04-14 22:05:10,284 - WARNING - Could not extract price
2025-04-14 22:05:10,330 - INFO - Extracted product: Demo Lens Oreo with price: None
2025-04-14 22:05:10,401 - INFO - Extracted product: Oreo Mini Oreo Original Biscuit with price: 175
2025-04-14 22:05:10,474 - INFO - Extracted product: Oreo Chocolate Creme Biscuit Pack, Packaging Size: 120 G with price: 40
2025-04-14 22:05:10,501 - WARNING - Could not extract price
2025-04-14 22:05:10,546 - INFO - Extracted product: oreo roastila with price: None
2025-04-14 22:05:10,652 - INFO - Extracted product: Cadbury Choco Creme Oreo Chocolate Sandwich Biscuits with price: 28
2025-04-14 22:05:10,723 - INFO - Extracted product: Cream Biscuits Chocolate Cadbury Oreo Biscuites with price: 10
2025-04-14 22:05:10,799 - INFO - Extracted product: Cream Biscuits 20gm Cadbury Oreo Original Vanilla Creme Biscuit, Packaging Type: Box with price: 18
2025-04-14 22:05:10,871 - INFO - Extracted product: Oreo Orange Cream Biscuit with price: 35
2025-04-14 22:05:10,970 - INFO - Extracted product: Cream Biscuits Oreo Cadbury Strawberry Flavour Creme Sandwich Biscuit, Packaging Type: Packet with price: 10
2025-04-14 22:05:10,997 - WARNING - Could not extract price
2025-04-14 22:05:11,043 - INFO - Extracted product: Cream Biscuits Chocolate Cadbury Oreo Biscuites, Packaging Type: Box, Packaging Size: 120 Pieces with price: None
2025-04-14 22:05:11,070 - WARNING - Could not extract price
2025-04-14 22:05:11,116 - INFO - Extracted product: Chococreme Oreo Chocolatey Sandwich Biscuit, Packaging Type: Packet with price: None
2025-04-14 22:05:11,205 - INFO - Extracted product: Chocolate,Strawberry Oreo Mini Cup Cream Filled Biscuit with price: 85
2025-04-14 22:05:11,237 - WARNING - Could not extract price
2025-04-14 22:05:11,303 - WARNING - Could not extract rating
2025-04-14 22:05:11,320 - INFO - Extracted product: Oreo Mini Strawberry Cream Biscuit Cup 67gm with price: None
2025-04-14 22:05:11,406 - INFO - Extracted product: Chocolate Oreo Mini Cream Filled Sandwich Biscuits, Packaging Type: Jar, Packaging Size: Pack Of 2 with price: 200
2025-04-14 22:05:11,494 - INFO - Extracted product: Chocolate Oreo Soft Cake Pack, Packaging Type: Box, Packaging Size: 12 Pieces with price: 200/Box
2025-04-14 22:05:11,603 - INFO - Extracted product: Graham Oreo S Mores Biscuits, Packaging Type: Packet with price: 12
2025-04-14 22:05:11,603 - INFO - Looking for next button with selector: a[rel="next"]
2025-04-14 22:05:11,610 - INFO - Looking for next button with selector: a.next-page
2025-04-14 22:05:11,617 - INFO - Looking for next button with selector: li.next a
2025-04-14 22:05:11,625 - INFO - Looking for next button with selector: a.pg-next
2025-04-14 22:05:11,632 - INFO - No next page found or reached max pages.
2025-04-14 22:05:11,770 - INFO - Browser closed. Scraping complete.
2025-04-14 22:05:15,919 - WARNING - Retrying (Retry(total=2, connect=None, read=None, redirect=None, status=None)) after connection broken by 'NewConnectionError('<urllib3.connection.HTTPConnection object at 0x1293784a0>: Failed to establish a new connection: [Errno 61] Connection refused')': /session/03aac885e197a8f8a5b0f5c7d10dd0df
2025-04-14 22:05:15,922 - WARNING - Retrying (Retry(total=1, connect=None, read=None, redirect=None, status=None)) after connection broken by 'NewConnectionError('<urllib3.connection.HTTPConnection object at 0x129378e30>: Failed to establish a new connection: [Errno 61] Connection refused')': /session/03aac885e197a8f8a5b0f5c7d10dd0df
2025-04-14 22:05:15,923 - WARNING - Retrying (Retry(total=0, connect=None, read=None, redirect=None, status=None)) after connection broken by 'NewConnectionError('<urllib3.connection.HTTPConnection object at 0x129378fb0>: Failed to establish a new connection: [Errno 61] Connection refused')': /session/03aac885e197a8f8a5b0f5c7d10dd0df
2025-04-14 22:05:15,925 - INFO - WebDriver closed.
2025-04-14 22:05:15,955 - INFO - Saved 20 records to indiamart_oreo_20250414_220515.csv
2025-04-14 22:05:15,956 - INFO - Saved data to text file: indiamart_oreo_20250414_220515.txt
2025-04-14 22:08:02,809 - INFO - Starting scrape for 'pickle' with max 2 pages
2025-04-14 22:08:02,814 - INFO - Using user agent: Mozilla/5.0 (Windows NT 10.0; Win64; x64) AppleWebKit/537.36 (KHTML, like Gecko) Chrome/125.0.0.0 Safari/537.36
2025-04-14 22:08:02,814 - INFO - ====== WebDriver manager ======
2025-04-14 22:08:03,102 - INFO - Get LATEST chromedriver version for google-chrome
2025-04-14 22:08:03,190 - INFO - Get LATEST chromedriver version for google-chrome
2025-04-14 22:08:03,237 - INFO - Driver [/Users/abhaykumar/.wdm/drivers/chromedriver/mac64/135.0.7049.84/chromedriver-mac-arm64/chromedriver] found in cache
2025-04-14 22:08:05,238 - INFO - Scraping page 1...
2025-04-14 22:08:05,238 - INFO - Accessing URL: https://dir.indiamart.com/search.mp?ss=pickle
2025-04-14 22:08:17,280 - INFO - Looking for products with selector: div.card.brs5
2025-04-14 22:08:17,336 - INFO - Found 20 products on page 1
2025-04-14 22:08:17,384 - WARNING - Could not extract price
2025-04-14 22:08:17,447 - INFO - Extracted product: Spicy Kair Pickle 500gm with price: None
2025-04-14 22:08:17,523 - INFO - Extracted product: SAR Gunda Pickles, Packaging Type: Box with price: 1,200/Kg
2025-04-14 22:08:17,598 - INFO - Extracted product: Deepanjali Fresh Green Mango Pickle, 1 kg with price: 200/Kg
2025-04-14 22:08:17,679 - WARNING - Could not extract rating
2025-04-14 22:08:17,695 - INFO - Extracted product: Spicy Mixed Vegetable Pickle, Packaging Type: Jar, 900gm with price: 320/Kg
2025-04-14 22:08:17,773 - INFO - Extracted product: Chintachiguru pickle, Packaging Size: 250 g with price: 600/Kg
2025-04-14 22:08:17,853 - INFO - Extracted product: Organic Amla Pickle with price: 40/Gram
2025-04-14 22:08:17,880 - WARNING - Could not extract price
2025-04-14 22:08:17,927 - INFO - Extracted product: Spicy Mix Pickle, Packaging Type: Jar with price: None
2025-04-14 22:08:17,990 - WARNING - Could not extract rating
2025-04-14 22:08:18,006 - INFO - Extracted product: Mix Veg Mixed Vegetable Pickle, Packaging Type: Plastic Jar, 1 Kg with price: 90/Kg
2025-04-14 22:08:18,069 - WARNING - Could not extract rating
2025-04-14 22:08:18,084 - INFO - Extracted product: Indu's Cauliflower Pickle, Packaging Type: Loose with price: 500/Kg
2025-04-14 22:08:18,170 - INFO - Extracted product: Lime Chilli Pickle with price: 120/PIECE
2025-04-14 22:08:18,244 - INFO - Extracted product: Gunda Pickles lesuwa pickle with price: 95/Bottle
2025-04-14 22:08:18,318 - INFO - Extracted product: Spicy Nagaurwala Gunda Pickles, Packaging Type: Jar, 200g with price: 120/Pack
2025-04-14 22:08:18,383 - WARNING - Could not extract rating
2025-04-14 22:08:18,398 - INFO - Extracted product: Spicy Lemon Pickle, Packaging Size: 500 g with price: 179/Bottle
2025-04-14 22:08:18,470 - INFO - Extracted product: 200 G RKCLS Dry Mango Pickle with price: 50/Kg
2025-04-14 22:08:18,543 - INFO - Extracted product: Roast Chilli Pickle, Packaging Size: 500 g with price: 200/Gram
2025-04-14 22:08:18,606 - WARNING - Could not extract rating
2025-04-14 22:08:18,622 - INFO - Extracted product: Spicy 250gm Vishal Karela Pickles, Packaging Type: Jar with price: 60/Bottle
2025-04-14 22:08:18,698 - INFO - Extracted product: Guruji Vegetable Pickle, Packaging Type: Loose with price: 60/Kg
2025-04-14 22:08:18,769 - INFO - Extracted product: Organic Lemon Pickle, Packaging Type: Jar with price: 50/Jar
2025-04-14 22:08:18,843 - INFO - Extracted product: 300g Tomato Pickle with price: 95
2025-04-14 22:08:18,914 - INFO - Extracted product: 500gm Diamond's Mango Pickle with price: 120s
2025-04-14 22:08:18,915 - INFO - Looking for next button with selector: a[rel="next"]
2025-04-14 22:08:18,922 - INFO - Looking for next button with selector: a.next-page
2025-04-14 22:08:18,929 - INFO - Looking for next button with selector: li.next a
2025-04-14 22:08:18,936 - INFO - Looking for next button with selector: a.pg-next
2025-04-14 22:08:18,943 - INFO - No next page found or reached max pages.
2025-04-14 22:08:19,065 - INFO - Browser closed. Scraping complete.
2025-04-14 22:08:23,056 - WARNING - Retrying (Retry(total=2, connect=None, read=None, redirect=None, status=None)) after connection broken by 'NewConnectionError('<urllib3.connection.HTTPConnection object at 0x11aa88410>: Failed to establish a new connection: [Errno 61] Connection refused')': /session/bfd3b8ddb10b68c99f864ee363ab8562
2025-04-14 22:08:23,057 - WARNING - Retrying (Retry(total=1, connect=None, read=None, redirect=None, status=None)) after connection broken by 'NewConnectionError('<urllib3.connection.HTTPConnection object at 0x11aa883e0>: Failed to establish a new connection: [Errno 61] Connection refused')': /session/bfd3b8ddb10b68c99f864ee363ab8562
2025-04-14 22:08:23,059 - WARNING - Retrying (Retry(total=0, connect=None, read=None, redirect=None, status=None)) after connection broken by 'NewConnectionError('<urllib3.connection.HTTPConnection object at 0x11aa88ec0>: Failed to establish a new connection: [Errno 61] Connection refused')': /session/bfd3b8ddb10b68c99f864ee363ab8562
2025-04-14 22:08:23,060 - INFO - WebDriver closed.
2025-04-14 22:08:23,077 - INFO - Saved 20 records to indiamart_pickle_20250414_220823.csv
2025-04-14 22:08:23,078 - INFO - Saved data to text file: indiamart_pickle_20250414_220823.txt
2025-04-14 22:14:34,100 - INFO - Starting scrape for 'ipill' with max 2 pages
2025-04-14 22:14:34,106 - INFO - Using user agent: Mozilla/5.0 (Macintosh; Intel Mac OS X 10_15_7) AppleWebKit/605.1.15 (KHTML, like Gecko) Version/17.0 Safari/605.1.15
2025-04-14 22:14:34,107 - INFO - ====== WebDriver manager ======
2025-04-14 22:14:34,399 - INFO - Get LATEST chromedriver version for google-chrome
2025-04-14 22:14:34,489 - INFO - Get LATEST chromedriver version for google-chrome
2025-04-14 22:14:34,548 - INFO - Driver [/Users/abhaykumar/.wdm/drivers/chromedriver/mac64/135.0.7049.84/chromedriver-mac-arm64/chromedriver] found in cache
2025-04-14 22:14:36,724 - INFO - Scraping page 1...
2025-04-14 22:14:36,724 - INFO - Accessing URL: https://dir.indiamart.com/search.mp?ss=ipill
2025-04-14 22:14:48,604 - INFO - Looking for products with selector: div.card.brs5
2025-04-14 22:14:48,623 - INFO - Found 16 products on page 1
2025-04-14 22:14:48,673 - WARNING - Could not extract price
2025-04-14 22:14:48,724 - WARNING - Could not extract rating
2025-04-14 22:14:48,746 - INFO - Extracted product: I Pill Emergency Contraceptive Pill with price: None
2025-04-14 22:14:48,824 - INFO - Extracted product: I-Pill 1.5 mg (Levonorgestral Tablets) with price: 85/Stripe
2025-04-14 22:14:48,900 - INFO - Extracted product: I Pill Tablet, Packaging Type: Box, Allopathic with price: 165/Stripe
2025-04-14 22:14:49,002 - INFO - Extracted product: 1.5mg I Pill Levonorgestrel Tablet with price: 75/Stripe
2025-04-14 22:14:49,074 - INFO - Extracted product: Piramal Emergency Contraceptic Pill, Tablet, 10 Tablets with price: 109/Box
2025-04-14 22:14:49,146 - INFO - Extracted product: I Pill Emergency Contraceptive Pill, Strength: 1.5 mg with price: 60.28/Strip
2025-04-14 22:14:49,219 - INFO - Extracted product: I Pill Emergency Contraceptive Pill with price: 65/Stripe
2025-04-14 22:14:49,283 - WARNING - Could not extract rating
2025-04-14 22:14:49,299 - INFO - Extracted product: 1.5mg I Pill Levonorgestrel Tablet with price: 250/Strip
2025-04-14 22:14:49,372 - INFO - Extracted product: I Pill Levonorgestrel Tablet, 1 Tab Per Strip, Dose: 1.5 mg with price: 110/Stripe
2025-04-14 22:14:49,462 - INFO - Extracted product: Unwanted 72 I Pill Tablet with price: 51/Stripe
2025-04-14 22:14:49,549 - INFO - Extracted product: Levonorgestrel I Pill Daily (Regular Contraceptive Pills), Tablet, Packaging Type: Per Box with price: 51/Stripe
2025-04-14 22:14:49,625 - INFO - Extracted product: IPILL Emergency Conraceptive Pill, Allopathic, Grade Standard: Medicine Grade with price: 100/unit
2025-04-14 22:14:49,701 - INFO - Extracted product: I-Pill, Packaging Type: Box, Tablet with price: 500/Stripe
2025-04-14 22:14:49,766 - WARNING - Could not extract rating
2025-04-14 22:14:49,782 - INFO - Extracted product: I Pill Emergency Contraceptive Tablet with price: 109/Strip
2025-04-14 22:14:49,809 - WARNING - Could not extract price
2025-04-14 22:14:49,846 - WARNING - Could not extract rating
2025-04-14 22:14:49,862 - INFO - Extracted product: I-Pill Levonorgestrel Birth Control Drugs, Packaging Type: Blister, Tablet with price: None
2025-04-14 22:14:49,926 - WARNING - Could not extract rating
2025-04-14 22:14:49,942 - INFO - Extracted product: Ipill with price: 350/Stripe
2025-04-14 22:14:49,942 - INFO - Looking for next button with selector: a[rel="next"]
2025-04-14 22:14:49,949 - INFO - Looking for next button with selector: a.next-page
2025-04-14 22:14:49,957 - INFO - Looking for next button with selector: li.next a
2025-04-14 22:14:49,964 - INFO - Looking for next button with selector: a.pg-next
2025-04-14 22:14:49,972 - INFO - No next page found or reached max pages.
2025-04-14 22:14:50,078 - INFO - Browser closed. Scraping complete.
2025-04-14 22:14:53,773 - WARNING - Retrying (Retry(total=2, connect=None, read=None, redirect=None, status=None)) after connection broken by 'NewConnectionError('<urllib3.connection.HTTPConnection object at 0x117f64170>: Failed to establish a new connection: [Errno 61] Connection refused')': /session/4a059f786b4c7d00251f493767b2289f
2025-04-14 22:14:53,775 - WARNING - Retrying (Retry(total=1, connect=None, read=None, redirect=None, status=None)) after connection broken by 'NewConnectionError('<urllib3.connection.HTTPConnection object at 0x117f642c0>: Failed to establish a new connection: [Errno 61] Connection refused')': /session/4a059f786b4c7d00251f493767b2289f
2025-04-14 22:14:53,776 - WARNING - Retrying (Retry(total=0, connect=None, read=None, redirect=None, status=None)) after connection broken by 'NewConnectionError('<urllib3.connection.HTTPConnection object at 0x117f64440>: Failed to establish a new connection: [Errno 61] Connection refused')': /session/4a059f786b4c7d00251f493767b2289f
2025-04-14 22:14:53,778 - INFO - WebDriver closed.
2025-04-14 22:14:53,806 - INFO - Saved 16 records to indiamart_ipill_20250414_221453.csv
2025-04-14 22:14:53,807 - INFO - Saved data to text file: indiamart_ipill_20250414_221453.txt
2025-04-14 22:49:15,653 - INFO - Starting scrape for 'cotton shirts' with max 3 pages
2025-04-14 22:49:15,662 - INFO - Using user agent: Mozilla/5.0 (X11; Linux x86_64) AppleWebKit/537.36 (KHTML, like Gecko) Chrome/124.0.0.0 Safari/537.36
2025-04-14 22:49:15,663 - INFO - ====== WebDriver manager ======
2025-04-14 22:49:15,981 - INFO - Get LATEST chromedriver version for google-chrome
2025-04-14 22:49:16,058 - INFO - Get LATEST chromedriver version for google-chrome
2025-04-14 22:49:16,132 - INFO - Driver [/Users/abhaykumar/.wdm/drivers/chromedriver/mac64/135.0.7049.84/chromedriver-mac-arm64/chromedriver] found in cache
2025-04-14 22:49:18,496 - INFO - Scraping page 1...
2025-04-14 22:49:18,496 - INFO - Accessing URL: https://dir.indiamart.com/search.mp?ss=cotton%2Bshirts
2025-04-14 22:49:29,340 - INFO - Looking for products with selector: div.card.brs5
2025-04-14 22:49:29,354 - INFO - Found 20 products on page 1
2025-04-14 22:49:29,474 - INFO - Extracted product: Men Lafar Cotton Printed Shirt, Full Sleeves, Casual Wear with price: 160
2025-04-14 22:49:29,547 - INFO - Extracted product: Mens Printed Cotton Shirt, Casual, Half Sleeves with price: 280
2025-04-14 22:49:29,620 - INFO - Extracted product: Plain Men Designer Cotton Shirt, Casual, Full Sleeves with price: 999
2025-04-14 22:49:29,694 - INFO - Extracted product: Men'S Printed Cotton Shirt, Casual, Full or Long sleeves with price: 365
2025-04-14 22:49:29,765 - INFO - Extracted product: Printed Dot Print Woven Mens Cotton Casual Shirts with price: 360
2025-04-14 22:49:29,842 - INFO - Extracted product: Mens Poly Cotton Printed Shirts, Party-wear, Full Sleeves with price: 260
2025-04-14 22:49:29,914 - INFO - Extracted product: Stripes Mens Fancy Cotton Shirt, Party-wear, Full Sleeves with price: 230
2025-04-14 22:49:29,988 - INFO - Extracted product: Cotton Shirt, Full sleeves with price: 350
2025-04-14 22:49:30,064 - INFO - Extracted product: Men Fancy Cotton Printed Shirt, Casual with price: 200
2025-04-14 22:49:30,136 - INFO - Extracted product: Cotton Printed Shirt with price: 330
2025-04-14 22:49:30,207 - INFO - Extracted product: Men Cotton printed shirt with price: 400
2025-04-14 22:49:30,278 - INFO - Extracted product: Printed Men Cotton Shirts, Casual, Full Sleeves with price: 350
2025-04-14 22:49:30,350 - INFO - Extracted product: Plain Men's Corporate Cotton Shirt, Formal Wear with price: 400
2025-04-14 22:49:30,442 - INFO - Extracted product: Printed Sanganeri Print Cotton Shirt, Formal, Half Sleeves with price: 240
2025-04-14 22:49:30,513 - INFO - Extracted product: Cotton Plain Shirt with price: 450
2025-04-14 22:49:30,584 - INFO - Extracted product: Plain Men Cotton Shirts with price: 1,2991
2025-04-14 22:49:30,656 - INFO - Extracted product: Mens Cotton Shirts, Full Sleeves with price: 250
2025-04-14 22:49:30,742 - INFO - Extracted product: Check Men Cotton Shirts, Party-wear, Full Sleeves with price: 350
2025-04-14 22:49:30,813 - INFO - Extracted product: Men''S Corporate Cotton Shirts with price: 399
2025-04-14 22:49:30,882 - WARNING - Could not extract rating
2025-04-14 22:49:30,897 - INFO - Extracted product: Plain Men White Cotton Fancy Shirt with price: 220
2025-04-14 22:49:30,897 - INFO - Looking for next button with selector: a[rel="next"]
2025-04-14 22:49:30,904 - INFO - Looking for next button with selector: a.next-page
2025-04-14 22:49:30,912 - INFO - Looking for next button with selector: li.next a
2025-04-14 22:49:30,924 - INFO - Looking for next button with selector: a.pg-next
2025-04-14 22:49:30,931 - INFO - No next page found or reached max pages.
2025-04-14 22:49:31,159 - INFO - Browser closed. Scraping complete.
2025-04-14 22:49:34,395 - WARNING - Retrying (Retry(total=2, connect=None, read=None, redirect=None, status=None)) after connection broken by 'NewConnectionError('<urllib3.connection.HTTPConnection object at 0x127aa0380>: Failed to establish a new connection: [Errno 61] Connection refused')': /session/9ec050c0b20a4d1361944f97608cac5a
2025-04-14 22:49:34,399 - WARNING - Retrying (Retry(total=1, connect=None, read=None, redirect=None, status=None)) after connection broken by 'NewConnectionError('<urllib3.connection.HTTPConnection object at 0x127aa0e30>: Failed to establish a new connection: [Errno 61] Connection refused')': /session/9ec050c0b20a4d1361944f97608cac5a
2025-04-14 22:49:34,402 - WARNING - Retrying (Retry(total=0, connect=None, read=None, redirect=None, status=None)) after connection broken by 'NewConnectionError('<urllib3.connection.HTTPConnection object at 0x127aa0fb0>: Failed to establish a new connection: [Errno 61] Connection refused')': /session/9ec050c0b20a4d1361944f97608cac5a
2025-04-14 22:49:34,403 - INFO - WebDriver closed.
2025-04-14 22:49:34,430 - INFO - Saved 20 records to indiamart_cotton_shirts_20250414_224934.csv
2025-04-14 22:49:34,430 - INFO - Saved data to text file: indiamart_cotton_shirts_20250414_224934.txt
2025-04-14 22:50:48,386 - INFO - Starting scrape for 'cotton shirts' with max 2 pages
2025-04-14 22:50:48,392 - INFO - Using user agent: Mozilla/5.0 (Macintosh; Intel Mac OS X 10_15_7) AppleWebKit/605.1.15 (KHTML, like Gecko) Version/17.0 Safari/605.1.15
2025-04-14 22:50:48,393 - INFO - ====== WebDriver manager ======
2025-04-14 22:50:48,970 - INFO - Get LATEST chromedriver version for google-chrome
2025-04-14 22:50:49,115 - INFO - Get LATEST chromedriver version for google-chrome
2025-04-14 22:50:49,253 - INFO - Driver [/Users/abhaykumar/.wdm/drivers/chromedriver/mac64/135.0.7049.84/chromedriver-mac-arm64/chromedriver] found in cache
2025-04-14 22:50:51,490 - INFO - Scraping page 1...
2025-04-14 22:50:51,492 - INFO - Accessing URL: https://dir.indiamart.com/search.mp?ss=cotton%2Bshirts
2025-04-14 22:51:00,029 - INFO - Looking for products with selector: div.card.brs5
2025-04-14 22:51:00,050 - INFO - Found 10 products on page 1
2025-04-14 22:51:00,178 - INFO - Extracted product: Men Lafar Cotton Printed Shirt, Full Sleeves, Casual Wear with price: 160
2025-04-14 22:51:00,292 - INFO - Extracted product: Mens Printed Cotton Shirt, Casual, Half Sleeves with price: 280
2025-04-14 22:51:00,379 - INFO - Extracted product: Plain Men Designer Cotton Shirt, Casual, Full Sleeves with price: 999
2025-04-14 22:51:00,477 - INFO - Extracted product: Men'S Printed Cotton Shirt, Casual, Full or Long sleeves with price: 365
2025-04-14 22:51:00,561 - INFO - Extracted product: Printed Dot Print Woven Mens Cotton Casual Shirts with price: 360
2025-04-14 22:51:00,635 - INFO - Extracted product: Mens Poly Cotton Printed Shirts, Party-wear, Full Sleeves with price: 260
2025-04-14 22:51:00,710 - INFO - Extracted product: Stripes Mens Fancy Cotton Shirt, Party-wear, Full Sleeves with price: 230
2025-04-14 22:51:00,785 - INFO - Extracted product: Cotton Shirt, Full sleeves with price: 350
2025-04-14 22:51:00,857 - INFO - Extracted product: Men Fancy Cotton Printed Shirt, Casual with price: 200
2025-04-14 22:51:00,936 - INFO - Extracted product: Cotton Printed Shirt with price: 330
2025-04-14 22:51:00,936 - INFO - Looking for next button with selector: a[rel="next"]
2025-04-14 22:51:00,943 - INFO - Looking for next button with selector: a.next-page
2025-04-14 22:51:00,950 - INFO - Looking for next button with selector: li.next a
2025-04-14 22:51:00,958 - INFO - Looking for next button with selector: a.pg-next
2025-04-14 22:51:00,965 - INFO - No next page found or reached max pages.
2025-04-14 22:51:01,079 - INFO - Browser closed. Scraping complete.
2025-04-15 00:22:12,566 - WARNING - Retrying (Retry(total=2, connect=None, read=None, redirect=None, status=None)) after connection broken by 'NewConnectionError('<urllib3.connection.HTTPConnection object at 0x13e262d50>: Failed to establish a new connection: [Errno 61] Connection refused')': /session/2b97b051e829b7effd08952f92cdb05e
2025-04-15 00:22:12,588 - WARNING - Retrying (Retry(total=1, connect=None, read=None, redirect=None, status=None)) after connection broken by 'NewConnectionError('<urllib3.connection.HTTPConnection object at 0x13e262ae0>: Failed to establish a new connection: [Errno 61] Connection refused')': /session/2b97b051e829b7effd08952f92cdb05e
2025-04-15 00:22:12,591 - WARNING - Retrying (Retry(total=0, connect=None, read=None, redirect=None, status=None)) after connection broken by 'NewConnectionError('<urllib3.connection.HTTPConnection object at 0x13e263d10>: Failed to establish a new connection: [Errno 61] Connection refused')': /session/2b97b051e829b7effd08952f92cdb05e
2025-04-15 00:22:12,618 - INFO - WebDriver closed.
2025-04-15 00:22:13,011 - INFO - Saved 10 records to indiamart_cotton_shirts_20250415_002212.csv
2025-04-15 00:22:13,029 - INFO - Saved data to text file: indiamart_cotton_shirts_20250415_002212.txt
2025-04-15 00:30:46,950 - INFO - Starting scrape for 'iphone13' with max 2 pages
2025-04-15 00:30:46,957 - INFO - Using user agent: Mozilla/5.0 (Windows NT 10.0; Win64; x64; rv:109.0) Gecko/20100101 Firefox/124.0
2025-04-15 00:30:46,962 - INFO - ====== WebDriver manager ======
2025-04-15 00:30:47,294 - INFO - Get LATEST chromedriver version for google-chrome
2025-04-15 00:30:47,405 - INFO - Get LATEST chromedriver version for google-chrome
2025-04-15 00:30:47,463 - INFO - Get LATEST chromedriver version for google-chrome
2025-04-15 00:30:47,594 - INFO - WebDriver version 135.0.7049.84 selected
2025-04-15 00:30:47,596 - INFO - Modern chrome version https://storage.googleapis.com/chrome-for-testing-public/135.0.7049.84/mac-arm64/chromedriver-mac-arm64.zip
2025-04-15 00:30:47,596 - INFO - About to download new driver from https://storage.googleapis.com/chrome-for-testing-public/135.0.7049.84/mac-arm64/chromedriver-mac-arm64.zip
2025-04-15 00:30:47,705 - INFO - Driver downloading response is 200
2025-04-15 00:30:49,884 - INFO - Get LATEST chromedriver version for google-chrome
2025-04-15 00:30:50,041 - INFO - Driver has been saved in cache [/Users/abhaykumar/.wdm/drivers/chromedriver/mac64/135.0.7049.84]
2025-04-15 00:30:53,758 - INFO - Scraping page 1...
2025-04-15 00:30:53,760 - INFO - Accessing URL: https://dir.indiamart.com/search.mp?ss=iphone13
2025-04-15 00:31:05,302 - INFO - Looking for products with selector: div.card.brs5
2025-04-15 00:31:05,316 - INFO - Found 20 products on page 1
2025-04-15 00:31:05,438 - INFO - Extracted product: Black Iphone 13 128 Gb with price: 34,000
2025-04-15 00:31:05,536 - INFO - Extracted product: Green Apple IPhone 13 with price: 59,900
2025-04-15 00:31:05,624 - INFO - Extracted product: Black Iphone 13 Pro 128gb with price: 73,500
2025-04-15 00:31:05,706 - INFO - Extracted product: Apple Iphone 13 Pro (128Gb) - Sierra Blue with price: 95,000
2025-04-15 00:31:05,786 - INFO - Extracted product: Gold Demo unit Iphone 13 pro with price: 49,999
2025-04-15 00:31:05,871 - INFO - Extracted product: Red Apple IPhone 13 256 GB Mobile with price: 42,999
2025-04-15 00:31:05,954 - INFO - Extracted product: Blue Apple Iphone 13 128Gb, Battery Capacity: 15w Wireless Charging, 12MP with price: 45,500
2025-04-15 00:31:06,040 - INFO - Extracted product: Apple Iphone 13 128gb Mobile Handset, Battery Capacity: 3240mah, 12mp with price: 49,000
2025-04-15 00:31:06,074 - WARNING - Could not extract price
2025-04-15 00:31:06,125 - INFO - Extracted product: Iphone 13 Pro with price: None
2025-04-15 00:31:06,156 - WARNING - Could not extract price
2025-04-15 00:31:06,208 - INFO - Extracted product: IPHONE 13 PRO MAX 128GB/256/512GB AND 1 TB, SILVER, GOLD, SIERRA BLUE, GRAPHITE,AND MANY MORE. with price: None
2025-04-15 00:31:06,290 - INFO - Extracted product: Ivory Apple IPhone 13 Pro Max Phone, Battery Capacity: 4352mAh, 12 Mp with price: 1,00,000
2025-04-15 00:31:06,379 - INFO - Extracted product: Black 128GB iPhone 13 with price: 49,900
2025-04-15 00:31:06,470 - INFO - Extracted product: Apple 13 128 GB Starlight iPhone with price: 45,000
2025-04-15 00:31:06,543 - WARNING - Could not extract rating
2025-04-15 00:31:06,561 - INFO - Extracted product: Black I Phone 13 Smartphone with price: 44,999
2025-04-15 00:31:06,642 - INFO - Extracted product: Apple White 128Gb I Phone 13 with price: 46,900
2025-04-15 00:31:06,724 - INFO - Extracted product: Silver Apple iPhone 13 Pro 128 GB Mobile Phone with price: 1,20,000
2025-04-15 00:31:06,806 - INFO - Extracted product: iPhone 13 Apple 128 GB Storage Starlight Mobile Phone with price: 55,000
2025-04-15 00:31:06,890 - INFO - Extracted product: Black Apple 11 128 GB IPhone ,, Battery Capacity: 3,110mAh, 12 Mp with price: 19,000
2025-04-15 00:31:06,969 - INFO - Extracted product: Iphone 13 & 13 Pro Max White & Yellow Display Solution Available with price: 5,000
2025-04-15 00:31:07,050 - INFO - Extracted product: APPLE IPHONE 13 128GB with price: 44,000
2025-04-15 00:31:07,050 - INFO - Looking for next button with selector: a[rel="next"]
2025-04-15 00:31:07,058 - INFO - Looking for next button with selector: a.next-page
2025-04-15 00:31:07,067 - INFO - Looking for next button with selector: li.next a
2025-04-15 00:31:07,074 - INFO - Looking for next button with selector: a.pg-next
2025-04-15 00:31:07,082 - INFO - No next page found or reached max pages.
2025-04-15 00:31:07,219 - INFO - Browser closed. Scraping complete.
2025-04-15 00:31:22,362 - WARNING - Retrying (Retry(total=2, connect=None, read=None, redirect=None, status=None)) after connection broken by 'NewConnectionError('<urllib3.connection.HTTPConnection object at 0x1321e16a0>: Failed to establish a new connection: [Errno 61] Connection refused')': /session/c3b4ccc2a82482ae01fae5c04c5e9f85
2025-04-15 00:31:22,363 - WARNING - Retrying (Retry(total=1, connect=None, read=None, redirect=None, status=None)) after connection broken by 'NewConnectionError('<urllib3.connection.HTTPConnection object at 0x1321e1910>: Failed to establish a new connection: [Errno 61] Connection refused')': /session/c3b4ccc2a82482ae01fae5c04c5e9f85
2025-04-15 00:31:22,364 - WARNING - Retrying (Retry(total=0, connect=None, read=None, redirect=None, status=None)) after connection broken by 'NewConnectionError('<urllib3.connection.HTTPConnection object at 0x1321e1310>: Failed to establish a new connection: [Errno 61] Connection refused')': /session/c3b4ccc2a82482ae01fae5c04c5e9f85
2025-04-15 00:31:22,365 - INFO - WebDriver closed.
2025-04-15 00:31:22,409 - INFO - Saved 20 records to indiamart_iphone13_20250415_003122.csv
2025-04-15 00:31:22,410 - INFO - Saved data to text file: indiamart_iphone13_20250415_003122.txt
2025-04-15 11:17:23,704 - INFO - Starting scrape for 'chandrashekhar' with max 5 pages
2025-04-15 11:17:23,714 - INFO - Using user agent: Mozilla/5.0 (X11; Linux x86_64) AppleWebKit/537.36 (KHTML, like Gecko) Chrome/124.0.0.0 Safari/537.36
2025-04-15 11:17:23,715 - INFO - ====== WebDriver manager ======
2025-04-15 11:17:24,975 - INFO - Get LATEST chromedriver version for google-chrome
2025-04-15 11:17:25,491 - INFO - Get LATEST chromedriver version for google-chrome
2025-04-15 11:17:25,834 - INFO - Driver [/Users/abhaykumar/.wdm/drivers/chromedriver/mac64/135.0.7049.84/chromedriver-mac-arm64/chromedriver] found in cache
2025-04-15 11:17:28,433 - INFO - Scraping page 1...
2025-04-15 11:17:28,433 - INFO - Accessing URL: https://dir.indiamart.com/search.mp?ss=chandrashekhar
2025-04-15 11:17:42,492 - INFO - Looking for products with selector: div.card.brs5
2025-04-15 11:17:42,503 - INFO - Found 20 products on page 1
2025-04-15 11:17:42,614 - INFO - Extracted product: Color Coated Handicraft Modern Ganesha Statue, Packaging Type: Box with price: 430
2025-04-15 11:17:42,688 - INFO - Extracted product: Carved Marble Modern Art with price: 22,000
2025-04-15 11:17:42,759 - INFO - Extracted product: Cotton Plain Chandra Shekhar Azad with price: 260
2025-04-15 11:17:42,830 - INFO - Extracted product: White Chandra Shekhar Azad Marble Statue with price: 95,000
2025-04-15 11:17:42,901 - INFO - Extracted product: Polyester Chandra Shekhar Azad Costume with price: 299
2025-04-15 11:17:42,972 - INFO - Extracted product: Polyester White Chandra Shekhar Azad Print T Shirt, Size: S-XXL with price: 110
2025-04-15 11:17:43,001 - WARNING - Could not extract price
2025-04-15 11:17:43,048 - INFO - Extracted product: Polyester Chandra Shekhar Azad T Shirt with price: None
2025-04-15 11:17:43,119 - WARNING - Could not extract rating
2025-04-15 11:17:43,138 - INFO - Extracted product: Chandra Shekhar Azad Statue with price: 75,000
2025-04-15 11:17:43,213 - INFO - Extracted product: PVC Black Chandra Shekhar Azad Wall Stencil with price: 35
2025-04-15 11:17:43,242 - WARNING - Could not extract price
2025-04-15 11:17:43,279 - WARNING - Could not extract rating
2025-04-15 11:17:43,294 - INFO - Extracted product: Chandra Shekhar Ajad Marble Statue with price: None
2025-04-15 11:17:43,355 - WARNING - Could not extract rating
2025-04-15 11:17:43,370 - INFO - Extracted product: Sheesham Modern Wooden Single Bed, Size: W36xd78xh42 Inches with price: 9,700
2025-04-15 11:17:43,444 - INFO - Extracted product: White Shri Ram Chandra Ji Marble Statue, For Worship with price: 10,000
2025-04-15 11:17:43,516 - INFO - Extracted product: Subhash Chandra Marble Statue, For Socity, Size/Dimension: 2 Feet with price: 20,000
2025-04-15 11:17:43,602 - INFO - Extracted product: White Marble Subhash chandra boss statue, For Decoration, Size: 6 Ft with price: 1,47,000
2025-04-15 11:17:43,673 - INFO - Extracted product: Ram chandra hansh marble, Temple with price: 31,000
2025-04-15 11:17:43,745 - INFO - Extracted product: Multicolor 6.5 Feet Makrana Marble Neta G Subhash Chandra Bose Statue, For Worship, Indoor with price: 95,000/Feet
2025-04-15 11:17:43,816 - INFO - Extracted product: Green 6ft Netaji Subhash Chandra Bose Marble Statue, For Decoration, Outdoor with price: 95,000
2025-04-15 11:17:43,888 - INFO - Extracted product: White Subhash Chandra Bose Marble Statue, For Decoration, Size: 2 Feet with price: 35,000
2025-04-15 11:17:43,959 - INFO - Extracted product: White Subhash Chandra Bose Marble Statue, For Worship, Size: 6 Feet with price: 95,000
2025-04-15 11:17:44,030 - INFO - Extracted product: White Marble stone granite shubhash Chandra Bose statue, Outdoor, Size: 6 Feet with price: 1,30,000
2025-04-15 11:17:44,031 - INFO - Looking for next button with selector: a[rel="next"]
2025-04-15 11:17:44,037 - INFO - Looking for next button with selector: a.next-page
2025-04-15 11:17:44,044 - INFO - Looking for next button with selector: li.next a
2025-04-15 11:17:44,052 - INFO - Looking for next button with selector: a.pg-next
2025-04-15 11:17:44,059 - INFO - No next page found or reached max pages.
2025-04-15 11:17:44,174 - INFO - Browser closed. Scraping complete.
2025-04-15 11:17:54,650 - WARNING - Retrying (Retry(total=2, connect=None, read=None, redirect=None, status=None)) after connection broken by 'NewConnectionError('<urllib3.connection.HTTPConnection object at 0x116936570>: Failed to establish a new connection: [Errno 61] Connection refused')': /session/96013b8c82139026fd59c3a8e9d2d1f9
2025-04-15 11:17:54,651 - WARNING - Retrying (Retry(total=1, connect=None, read=None, redirect=None, status=None)) after connection broken by 'NewConnectionError('<urllib3.connection.HTTPConnection object at 0x1169366f0>: Failed to establish a new connection: [Errno 61] Connection refused')': /session/96013b8c82139026fd59c3a8e9d2d1f9
2025-04-15 11:17:54,652 - WARNING - Retrying (Retry(total=0, connect=None, read=None, redirect=None, status=None)) after connection broken by 'NewConnectionError('<urllib3.connection.HTTPConnection object at 0x116936870>: Failed to establish a new connection: [Errno 61] Connection refused')': /session/96013b8c82139026fd59c3a8e9d2d1f9
2025-04-15 11:17:54,654 - INFO - WebDriver closed.
2025-04-15 11:17:54,690 - INFO - Saved 20 records to indiamart_chandrashekhar_20250415_111754.csv
2025-04-15 11:17:54,691 - INFO - Saved data to text file: indiamart_chandrashekhar_20250415_111754.txt
2025-04-15 11:59:48,362 - INFO - Starting scrape for 'dildo' with max 5 pages
2025-04-15 11:59:48,367 - INFO - Using user agent: Mozilla/5.0 (X11; Linux x86_64) AppleWebKit/537.36 (KHTML, like Gecko) Chrome/124.0.0.0 Safari/537.36
2025-04-15 11:59:48,373 - INFO - ====== WebDriver manager ======
2025-04-15 11:59:48,794 - INFO - Get LATEST chromedriver version for google-chrome
2025-04-15 11:59:50,420 - INFO - Get LATEST chromedriver version for google-chrome
2025-04-15 11:59:50,714 - INFO - Driver [/Users/abhaykumar/.wdm/drivers/chromedriver/mac64/135.0.7049.84/chromedriver-mac-arm64/chromedriver] found in cache
2025-04-15 11:59:53,280 - INFO - Scraping page 1...
2025-04-15 11:59:53,281 - INFO - Accessing URL: https://dir.indiamart.com/search.mp?ss=dildo
2025-04-15 11:59:58,989 - ERROR - Unexpected error on page 1: unsupported operand type(s) for *: 'float' and 'NoneType'
2025-04-15 11:59:58,992 - ERROR - Fatal error in scraper: Message: no such window: target window already closed
from unknown error: web view not found
  (Session info: chrome=135.0.7049.85)
Stacktrace:
0   chromedriver                        0x000000010484adec cxxbridge1$str$ptr + 2817040
1   chromedriver                        0x0000000104843088 cxxbridge1$str$ptr + 2784940
2   chromedriver                        0x000000010438a8d8 cxxbridge1$string$len + 93028
3   chromedriver                        0x0000000104364758 chromedriver + 132952
4   chromedriver                        0x00000001043f9734 cxxbridge1$string$len + 547264
5   chromedriver                        0x00000001044122c4 cxxbridge1$string$len + 648528
6   chromedriver                        0x00000001043c5a80 cxxbridge1$string$len + 335116
7   chromedriver                        0x000000010480fc74 cxxbridge1$str$ptr + 2575000
8   chromedriver                        0x0000000104812f40 cxxbridge1$str$ptr + 2588004
9   chromedriver                        0x00000001047ef9fc cxxbridge1$str$ptr + 2443296
10  chromedriver                        0x00000001048137bc cxxbridge1$str$ptr + 2590176
11  chromedriver                        0x00000001047e0af0 cxxbridge1$str$ptr + 2382100
12  chromedriver                        0x00000001048339a0 cxxbridge1$str$ptr + 2721732
13  chromedriver                        0x0000000104833b2c cxxbridge1$str$ptr + 2722128
14  chromedriver                        0x0000000104842cd4 cxxbridge1$str$ptr + 2783992
15  libsystem_pthread.dylib             0x0000000198711f94 _pthread_start + 136
16  libsystem_pthread.dylib             0x000000019870cd34 thread_start + 8

2025-04-15 12:00:05,439 - INFO - WebDriver closed.
2025-04-16 00:07:38,918 - INFO - Starting scrape for 'samsung tv' with max 2 pages
2025-04-16 00:07:38,925 - INFO - Using user agent: Mozilla/5.0 (Windows NT 10.0; Win64; x64) AppleWebKit/537.36 (KHTML, like Gecko) Chrome/125.0.0.0 Safari/537.36
2025-04-16 00:07:38,926 - INFO - ====== WebDriver manager ======
2025-04-16 00:07:39,436 - INFO - Get LATEST chromedriver version for google-chrome
2025-04-16 00:07:39,677 - INFO - Get LATEST chromedriver version for google-chrome
2025-04-16 00:07:39,751 - INFO - Get LATEST chromedriver version for google-chrome
2025-04-16 00:07:39,926 - INFO - WebDriver version 135.0.7049.84 selected
2025-04-16 00:07:39,931 - INFO - Modern chrome version https://storage.googleapis.com/chrome-for-testing-public/135.0.7049.84/mac-arm64/chromedriver-mac-arm64.zip
2025-04-16 00:07:39,931 - INFO - About to download new driver from https://storage.googleapis.com/chrome-for-testing-public/135.0.7049.84/mac-arm64/chromedriver-mac-arm64.zip
2025-04-16 00:07:40,471 - INFO - Driver downloading response is 200
2025-04-16 00:07:43,567 - INFO - Get LATEST chromedriver version for google-chrome
2025-04-16 00:07:43,735 - INFO - Driver has been saved in cache [/Users/abhaykumar/.wdm/drivers/chromedriver/mac64/135.0.7049.84]
2025-04-16 00:07:50,671 - INFO - Scraping page 1...
2025-04-16 00:07:50,690 - INFO - Accessing URL: https://dir.indiamart.com/search.mp?ss=samsung%2Btv
2025-04-16 00:08:05,599 - INFO - Looking for products with selector: div.card.brs5
2025-04-16 00:08:05,625 - INFO - Found 20 products on page 1
2025-04-16 00:08:05,768 - INFO - Extracted product: Samsung Led Tv, 55 inches with price: 35,840
2025-04-16 00:08:05,818 - WARNING - Could not extract price
2025-04-16 00:08:05,889 - INFO - Extracted product: Samsung BE43D-H Business TV with price: None
2025-04-16 00:08:06,170 - INFO - Extracted product: Black IPS Samsung Led Smart Tv with price: 27,000
2025-04-16 00:08:07,188 - INFO - Extracted product: UA32T4380AKXXL Samsung LED TV, 32 inch with price: 14,200
2025-04-16 00:08:07,577 - INFO - Extracted product: Samsung Led Tv 4360akxxl 15500, 32 inch with price: 15,500
2025-04-16 00:08:07,701 - WARNING - Could not extract price
2025-04-16 00:08:07,874 - INFO - Extracted product: Samsung Commercial TV DB40E, for Semi-outdoor Type with price: None
2025-04-16 00:08:08,094 - INFO - Extracted product: Black Samsung LED TV Set with price: 48,000(s)
2025-04-16 00:08:08,271 - INFO - Extracted product: Samsung Led Tv 32 Inch with price: 18,000
2025-04-16 00:08:08,435 - INFO - Extracted product: Samsung Commercial TV DB40E, 43 inch with price: 38,000
2025-04-16 00:08:08,582 - INFO - Extracted product: HG49AJ690 Samsung LED TV 49 Inch with price: 24,000
2025-04-16 00:08:08,715 - INFO - Extracted product: Black Samsung Led Hd Tv with price: 40,000
2025-04-16 00:08:08,903 - INFO - Extracted product: 43C655 Samsung LED TV, 43 inch with price: 29,900
2025-04-16 00:08:09,097 - INFO - Extracted product: Samsung LED TV, Screen Size: 55 inch, Model: ST550K-55 with price: 75,000
2025-04-16 00:08:09,257 - INFO - Extracted product: Samsung LED TV, 32 inch with price: 17,999
2025-04-16 00:08:09,414 - INFO - Extracted product: 32 Inch Samsung LED TV with price: 19,000
2025-04-16 00:08:09,546 - INFO - Extracted product: Samsung LED TV, 43 inch with price: 31,900
2025-04-16 00:08:09,689 - INFO - Extracted product: Wall Mount Samsung LED TV BU8000 75 INCH 4K SMART with price: 1,40,000
2025-04-16 00:08:09,852 - INFO - Extracted product: Black Moving Stand Samsung LED TV, Screen Size: 40 ", Dolly with price: 39,994
2025-04-16 00:08:10,014 - WARNING - Could not extract rating
2025-04-16 00:08:10,055 - INFO - Extracted product: Samsung Led Tv with price: 14,390
2025-04-16 00:08:10,236 - INFO - Extracted product: Samsung LED TV with price: 32,000
2025-04-16 00:08:10,236 - INFO - Looking for next button with selector: a[rel="next"]
2025-04-16 00:08:10,254 - INFO - Looking for next button with selector: a.next-page
2025-04-16 00:08:10,269 - INFO - Looking for next button with selector: li.next a
2025-04-16 00:08:10,284 - INFO - Looking for next button with selector: a.pg-next
2025-04-16 00:08:10,298 - INFO - No next page found or reached max pages.
2025-04-16 00:08:11,306 - INFO - Browser closed. Scraping complete.
2025-04-16 00:08:36,920 - WARNING - Retrying (Retry(total=2, connect=None, read=None, redirect=None, status=None)) after connection broken by 'NewConnectionError('<urllib3.connection.HTTPConnection object at 0x1642f5070>: Failed to establish a new connection: [Errno 61] Connection refused')': /session/cdf3e8788e963084caaef61a2293f142
2025-04-16 00:08:36,930 - WARNING - Retrying (Retry(total=1, connect=None, read=None, redirect=None, status=None)) after connection broken by 'NewConnectionError('<urllib3.connection.HTTPConnection object at 0x1642f5400>: Failed to establish a new connection: [Errno 61] Connection refused')': /session/cdf3e8788e963084caaef61a2293f142
2025-04-16 00:08:36,931 - WARNING - Retrying (Retry(total=0, connect=None, read=None, redirect=None, status=None)) after connection broken by 'NewConnectionError('<urllib3.connection.HTTPConnection object at 0x1642f4ec0>: Failed to establish a new connection: [Errno 61] Connection refused')': /session/cdf3e8788e963084caaef61a2293f142
2025-04-16 00:08:36,936 - INFO - WebDriver closed.
2025-04-16 00:08:37,010 - INFO - Saved 20 records to indiamart_samsung_tv_20250416_000836.csv
2025-04-16 00:08:37,012 - INFO - Saved data to text file: indiamart_samsung_tv_20250416_000836.txt
2025-04-22 12:08:22,622 - INFO - Starting scrape for 'macbook air' with max 2 pages
2025-04-22 12:08:22,633 - INFO - Using user agent: Mozilla/5.0 (Windows NT 10.0; Win64; x64) AppleWebKit/537.36 (KHTML, like Gecko) Chrome/125.0.0.0 Safari/537.36
2025-04-22 12:08:22,633 - INFO - ====== WebDriver manager ======
2025-04-22 12:08:22,798 - INFO - Get LATEST chromedriver version for google-chrome
2025-04-22 12:08:23,375 - INFO - Get LATEST chromedriver version for google-chrome
2025-04-22 12:08:23,780 - INFO - Get LATEST chromedriver version for google-chrome
2025-04-22 12:08:24,501 - INFO - WebDriver version 135.0.7049.95 selected
2025-04-22 12:08:24,504 - INFO - Modern chrome version https://storage.googleapis.com/chrome-for-testing-public/135.0.7049.95/mac-arm64/chromedriver-mac-arm64.zip
2025-04-22 12:08:24,504 - INFO - About to download new driver from https://storage.googleapis.com/chrome-for-testing-public/135.0.7049.95/mac-arm64/chromedriver-mac-arm64.zip
2025-04-22 12:08:24,963 - INFO - Driver downloading response is 200
2025-04-22 12:08:29,990 - INFO - Get LATEST chromedriver version for google-chrome
2025-04-22 12:08:30,793 - INFO - Driver has been saved in cache [/Users/abhaykumar/.wdm/drivers/chromedriver/mac64/135.0.7049.95]
2025-04-22 12:08:33,071 - INFO - Scraping page 1...
2025-04-22 12:08:33,071 - INFO - Accessing URL: https://dir.indiamart.com/search.mp?ss=macbook%2Bair
2025-04-22 12:08:50,225 - INFO - Looking for products with selector: div.card.brs5
2025-04-22 12:08:50,237 - INFO - Found 20 products on page 1
2025-04-22 12:08:50,341 - INFO - Extracted product: 13 Inch 512 GB Apple M3 Macbook Air with price: 1,54,900
2025-04-22 12:08:50,415 - INFO - Extracted product: Apple MGND3HNA Macbook Air with price: 92,900
2025-04-22 12:08:50,488 - INFO - Extracted product: Apple Macbook Air 13 MGN63HN with price: 62,500
2025-04-22 12:08:50,559 - INFO - Extracted product: Apple Macbook Air with price: 72,999
2025-04-22 12:08:50,631 - INFO - Extracted product: Apple Macbook Air with price: 21,000
2025-04-22 12:08:50,703 - INFO - Extracted product: Apple Macbook Air with price: 99,576
2025-04-22 12:08:50,776 - INFO - Extracted product: Apple Macbook Air with price: 34,999
2025-04-22 12:08:50,846 - INFO - Extracted product: 13.3 inches Apple Macbook Air with price: 82,000
2025-04-22 12:08:50,917 - INFO - Extracted product: Apple Macbook Air with price: 58,000
2025-04-22 12:08:50,988 - INFO - Extracted product: Apple Macbook Air, M2 with price: 20,000
2025-04-22 12:08:51,017 - WARNING - Could not extract price
2025-04-22 12:08:51,065 - INFO - Extracted product: Apple Macbook Air with price: None
2025-04-22 12:08:51,148 - INFO - Extracted product: Apple Macbook Air with price: 74,000
2025-04-22 12:08:51,219 - WARNING - Could not extract rating
2025-04-22 12:08:51,236 - INFO - Extracted product: Apple Macbook Air, M1 with price: 59,999
2025-04-22 12:08:51,263 - WARNING - Could not extract price
2025-04-22 12:08:51,310 - INFO - Extracted product: Apple Core I5 8GB RAM Macbook Air with price: None
2025-04-22 12:08:51,380 - INFO - Extracted product: Apple 2022 Macbook Air, M2 with price: 70,000
2025-04-22 12:08:51,455 - INFO - Extracted product: Apple Macbook Air with price: 22,000
2025-04-22 12:08:51,527 - INFO - Extracted product: Apple Macbook Air A1466 with price: 25,900
2025-04-22 12:08:51,598 - INFO - Extracted product: Dolluk Apple Macbook Air A1465 Sceen, For Laptop, Non Touch Screen with price: 13,000
2025-04-22 12:08:51,671 - INFO - Extracted product: Apple Macbook Pro Air, M1 with price: 30,000
2025-04-22 12:08:51,746 - INFO - Extracted product: Apple Macbook Air, M1 with price: 70,990
2025-04-22 12:08:51,746 - INFO - Looking for next button with selector: a[rel="next"]
2025-04-22 12:08:51,753 - INFO - Looking for next button with selector: a.next-page
2025-04-22 12:08:51,761 - INFO - Looking for next button with selector: li.next a
2025-04-22 12:08:51,768 - INFO - Looking for next button with selector: a.pg-next
2025-04-22 12:08:51,775 - INFO - No next page found or reached max pages.
2025-04-22 12:08:51,881 - INFO - Browser closed. Scraping complete.
2025-04-22 12:15:11,850 - WARNING - Retrying (Retry(total=2, connect=None, read=None, redirect=None, status=None)) after connection broken by 'NewConnectionError('<urllib3.connection.HTTPConnection object at 0x123ef5d60>: Failed to establish a new connection: [Errno 61] Connection refused')': /session/3ad46ed40b00408f5140b8045cd138e2
2025-04-22 12:15:11,854 - WARNING - Retrying (Retry(total=1, connect=None, read=None, redirect=None, status=None)) after connection broken by 'NewConnectionError('<urllib3.connection.HTTPConnection object at 0x123ef5a30>: Failed to establish a new connection: [Errno 61] Connection refused')': /session/3ad46ed40b00408f5140b8045cd138e2
2025-04-22 12:15:11,854 - WARNING - Retrying (Retry(total=0, connect=None, read=None, redirect=None, status=None)) after connection broken by 'NewConnectionError('<urllib3.connection.HTTPConnection object at 0x123ef50a0>: Failed to establish a new connection: [Errno 61] Connection refused')': /session/3ad46ed40b00408f5140b8045cd138e2
2025-04-22 12:15:11,856 - INFO - WebDriver closed.
2025-04-22 12:15:11,898 - INFO - Saved 20 records to indiamart_macbook_air_20250422_121511.csv
2025-04-22 12:15:11,899 - INFO - Saved data to text file: indiamart_macbook_air_20250422_121511.txt
